-- phpMyAdmin SQL Dump
-- version 4.8.4
-- https://www.phpmyadmin.net/
--
-- Host: 127.0.0.1:3306
-- Generation Time: May 13, 2019 at 04:20 PM
-- Server version: 5.7.24
-- PHP Version: 7.2.14

SET SQL_MODE = "NO_AUTO_VALUE_ON_ZERO";
SET AUTOCOMMIT = 0;
START TRANSACTION;
SET time_zone = "+00:00";


/*!40101 SET @OLD_CHARACTER_SET_CLIENT=@@CHARACTER_SET_CLIENT */;
/*!40101 SET @OLD_CHARACTER_SET_RESULTS=@@CHARACTER_SET_RESULTS */;
/*!40101 SET @OLD_COLLATION_CONNECTION=@@COLLATION_CONNECTION */;
/*!40101 SET NAMES utf8mb4 */;

--
-- Database: `eapi`
--
CREATE DATABASE IF NOT EXISTS `eapi` DEFAULT CHARACTER SET latin1 COLLATE latin1_swedish_ci;
USE `eapi`;

-- --------------------------------------------------------

--
-- Table structure for table `migrations`
--

DROP TABLE IF EXISTS `migrations`;
CREATE TABLE IF NOT EXISTS `migrations` (
  `id` int(10) UNSIGNED NOT NULL AUTO_INCREMENT,
  `migration` varchar(191) COLLATE utf8mb4_unicode_ci NOT NULL,
  `batch` int(11) NOT NULL,
  PRIMARY KEY (`id`)
) ENGINE=MyISAM AUTO_INCREMENT=5 DEFAULT CHARSET=utf8mb4 COLLATE=utf8mb4_unicode_ci;

--
-- Truncate table before insert `migrations`
--

TRUNCATE TABLE `migrations`;
--
-- Dumping data for table `migrations`
--

INSERT INTO `migrations` (`id`, `migration`, `batch`) VALUES
(1, '2014_10_12_000000_create_users_table', 1),
(2, '2014_10_12_100000_create_password_resets_table', 1),
(3, '2019_05_13_124605_create_products_table', 1),
(4, '2019_05_13_125143_create_reviews_table', 1);

-- --------------------------------------------------------

--
-- Table structure for table `password_resets`
--

DROP TABLE IF EXISTS `password_resets`;
CREATE TABLE IF NOT EXISTS `password_resets` (
  `email` varchar(191) COLLATE utf8mb4_unicode_ci NOT NULL,
  `token` varchar(191) COLLATE utf8mb4_unicode_ci NOT NULL,
  `created_at` timestamp NULL DEFAULT NULL,
  KEY `password_resets_email_index` (`email`)
) ENGINE=MyISAM DEFAULT CHARSET=utf8mb4 COLLATE=utf8mb4_unicode_ci;

--
-- Truncate table before insert `password_resets`
--

TRUNCATE TABLE `password_resets`;
-- --------------------------------------------------------

--
-- Table structure for table `products`
--

DROP TABLE IF EXISTS `products`;
CREATE TABLE IF NOT EXISTS `products` (
  `id` bigint(20) UNSIGNED NOT NULL AUTO_INCREMENT,
  `name` varchar(191) COLLATE utf8mb4_unicode_ci NOT NULL,
  `detail` text COLLATE utf8mb4_unicode_ci NOT NULL,
  `price` int(11) NOT NULL,
  `stock` int(11) NOT NULL,
  `discount` int(11) NOT NULL,
  `created_at` timestamp NULL DEFAULT NULL,
  `updated_at` timestamp NULL DEFAULT NULL,
  PRIMARY KEY (`id`)
) ENGINE=MyISAM AUTO_INCREMENT=101 DEFAULT CHARSET=utf8mb4 COLLATE=utf8mb4_unicode_ci;

--
-- Truncate table before insert `products`
--

TRUNCATE TABLE `products`;
--
-- Dumping data for table `products`
--

INSERT INTO `products` (`id`, `name`, `detail`, `price`, `stock`, `discount`, `created_at`, `updated_at`) VALUES
(1, 'at', 'Quo aliquid minus asperiores doloribus voluptatem. Expedita ex vitae omnis commodi reprehenderit voluptatem pariatur animi. Eum minus quisquam doloremque labore dolore veritatis et. Nobis reiciendis facilis et quo quia.', 393, 2, 5, '2019-05-13 15:13:12', '2019-05-13 15:13:12'),
(2, 'pariatur', 'Error molestiae praesentium id ea dolores ipsa id. Sit voluptates ut consequuntur nam modi consequatur velit et. Delectus consequatur quia alias rerum. Quam tenetur sint iusto nam inventore hic vel omnis.', 874, 9, 22, '2019-05-13 15:13:12', '2019-05-13 15:13:12'),
(3, 'porro', 'Dolorum iure perferendis error optio. Similique et aut illo dicta maxime. Modi sed aperiam placeat laudantium quibusdam et. Unde laborum animi deleniti.', 984, 8, 23, '2019-05-13 15:13:12', '2019-05-13 15:13:12'),
(4, 'id', 'Consequatur quo voluptatibus vel est corporis omnis dicta. Atque perspiciatis maxime ex.', 267, 6, 30, '2019-05-13 15:13:12', '2019-05-13 15:13:12'),
(5, 'et', 'Dolores repellendus sequi et. Mollitia vel sit aut earum. Dolores vitae possimus eos dolorem sed quas unde.', 290, 4, 21, '2019-05-13 15:13:12', '2019-05-13 15:13:12'),
(6, 'quia', 'Aliquam culpa harum sit occaecati sit non dolor. Sunt beatae et totam est distinctio. Quod error esse reiciendis. Explicabo enim autem quos molestiae.', 423, 6, 28, '2019-05-13 15:13:12', '2019-05-13 15:13:12'),
(7, 'exercitationem', 'Placeat molestias et non ut. Aut optio assumenda quasi possimus dolores voluptates. Mollitia sit quae sit.', 663, 8, 16, '2019-05-13 15:13:12', '2019-05-13 15:13:12'),
(8, 'numquam', 'Autem nesciunt aperiam dolore. Tenetur voluptatem sunt et in iste et est. Et sed laboriosam cumque delectus.', 991, 3, 9, '2019-05-13 15:13:12', '2019-05-13 15:13:12'),
(9, 'et', 'Culpa tempore iste sint aut molestias. Ducimus aliquam autem et voluptas perspiciatis. Ab possimus est veniam doloribus error. Aperiam nemo omnis dolor nihil ducimus assumenda sit.', 967, 8, 3, '2019-05-13 15:13:12', '2019-05-13 15:13:12'),
(10, 'velit', 'Nihil dolor architecto qui quisquam et. Doloribus enim recusandae molestias voluptatem incidunt quae. Ea ea architecto provident ipsum temporibus odit. Recusandae tempore dolorem recusandae.', 677, 0, 18, '2019-05-13 15:13:12', '2019-05-13 15:13:12'),
(11, 'non', 'Voluptas itaque voluptatem nobis libero hic voluptatem eum. Id repellat iusto suscipit voluptates. Dicta qui magnam consequatur quia reprehenderit tempora animi. Consequatur id voluptas aut voluptas eaque.', 125, 8, 14, '2019-05-13 15:13:12', '2019-05-13 15:13:12'),
(12, 'possimus', 'Laborum reiciendis omnis possimus deserunt. Aspernatur quisquam incidunt dolor debitis sit dolor dolor laboriosam. Quas atque aut occaecati atque expedita libero totam id.', 452, 2, 14, '2019-05-13 15:13:12', '2019-05-13 15:13:12'),
(13, 'consequatur', 'Provident aut assumenda nulla. Repellendus repellat fugiat autem voluptatem voluptas. Cupiditate aut cupiditate ipsam et similique molestias consequatur.', 762, 9, 5, '2019-05-13 15:13:12', '2019-05-13 15:13:12'),
(14, 'voluptas', 'Sint commodi officiis rerum in nesciunt accusantium. Quisquam vitae debitis numquam id dolores sit ea. Exercitationem et beatae provident non in accusantium error. Vitae porro velit veniam vero autem sed et dolores.', 172, 7, 3, '2019-05-13 15:13:12', '2019-05-13 15:13:12'),
(15, 'maxime', 'Accusantium quo impedit sit reprehenderit. Quasi quidem sed iste laborum vero. Totam doloremque optio error labore veniam provident vero.', 343, 9, 16, '2019-05-13 15:13:12', '2019-05-13 15:13:12'),
(16, 'eos', 'Quaerat possimus nam unde. Iste provident facere tempore a dicta. Reprehenderit iusto excepturi excepturi et enim qui repellat beatae.', 635, 9, 30, '2019-05-13 15:13:12', '2019-05-13 15:13:12'),
(17, 'ipsam', 'Est quo soluta porro non quibusdam eos iste. Libero alias tenetur placeat numquam aut in molestiae. Rem modi pariatur quaerat veritatis necessitatibus sit.', 620, 6, 18, '2019-05-13 15:13:12', '2019-05-13 15:13:12'),
(18, 'repudiandae', 'Temporibus asperiores voluptatem est et. Et quia iure sunt voluptatibus explicabo qui. Autem rerum deleniti totam. Vel excepturi eum dolore cupiditate saepe autem.', 367, 3, 30, '2019-05-13 15:13:12', '2019-05-13 15:13:12'),
(19, 'autem', 'Quibusdam molestiae eos laboriosam facilis laudantium. Nobis error omnis quisquam iure commodi ea at in. Autem ullam amet minima id non dolores. Dignissimos sit est aut a ipsum a.', 969, 4, 19, '2019-05-13 15:13:12', '2019-05-13 15:13:12'),
(20, 'eum', 'Eaque et non nisi ut. Officiis praesentium eos aperiam et enim non eum nisi. Quod ad ut sed voluptas.', 288, 1, 25, '2019-05-13 15:13:12', '2019-05-13 15:13:12'),
(21, 'voluptatem', 'Perspiciatis laboriosam id qui nam labore aut. Ut quo quia assumenda facilis voluptatum pariatur nobis. Id consequatur repellat ut molestias. Facilis beatae quo iure voluptatibus iusto neque. Atque iste ducimus tempora eos culpa deleniti.', 458, 8, 28, '2019-05-13 15:13:12', '2019-05-13 15:13:12'),
(22, 'commodi', 'Perspiciatis temporibus voluptas ut pariatur. Rerum pariatur ut modi. Est libero aut aut repellat enim amet. Modi odio ut et sit facere molestiae.', 521, 8, 27, '2019-05-13 15:13:12', '2019-05-13 15:13:12'),
(23, 'quasi', 'Et repellat repudiandae aut rem totam. Qui deleniti dolore ab numquam. Dolorem alias laboriosam sed ut optio. Sed eum natus alias consequuntur consequuntur dolore quis.', 839, 0, 15, '2019-05-13 15:13:12', '2019-05-13 15:13:12'),
(24, 'illum', 'Voluptate animi quod porro. Facere quisquam ex id id. Repudiandae optio in veritatis.', 935, 5, 26, '2019-05-13 15:13:12', '2019-05-13 15:13:12'),
(25, 'voluptatum', 'Doloremque explicabo recusandae qui officia non. Et inventore facilis ut corporis id architecto. Autem ut autem at sit voluptatibus aliquid molestiae.', 288, 4, 9, '2019-05-13 15:13:12', '2019-05-13 15:13:12'),
(26, 'accusantium', 'Veniam nulla cupiditate dolor consequatur accusamus facilis. Est laborum aut nesciunt doloremque asperiores beatae. Eveniet quo quo qui consectetur nostrum aliquam reiciendis. Error vitae dolores illo voluptatem in.', 792, 0, 6, '2019-05-13 15:13:12', '2019-05-13 15:13:12'),
(27, 'quasi', 'Omnis odit ipsa optio facere. Id velit corporis magnam ut laborum mollitia vel. Qui ducimus incidunt officia consequuntur et. Fuga voluptate itaque occaecati et consequatur et et. Repellendus molestiae occaecati sequi possimus perferendis tenetur iusto.', 644, 3, 17, '2019-05-13 15:13:12', '2019-05-13 15:13:12'),
(28, 'aut', 'Ducimus non doloribus quasi totam facilis omnis. Odio nobis consequatur maiores incidunt asperiores. Libero ad nostrum aut vel qui voluptates. Exercitationem ut nostrum quia est ipsa repellendus fugiat.', 137, 0, 4, '2019-05-13 15:13:12', '2019-05-13 15:13:12'),
(29, 'sed', 'Voluptatem accusamus soluta voluptatem repellendus qui et. Quasi rerum accusantium esse debitis repellat. Architecto autem aut impedit qui. Optio commodi qui qui ut.', 133, 5, 4, '2019-05-13 15:13:12', '2019-05-13 15:13:12'),
(30, 'tempore', 'Quisquam consequuntur ut et quia eos quisquam. Magnam harum assumenda sed similique nesciunt non.', 228, 5, 3, '2019-05-13 15:13:12', '2019-05-13 15:13:12'),
(31, 'consequatur', 'In aut quam ea velit alias. Odit inventore cupiditate culpa consequuntur ut sit autem. Soluta corporis excepturi dolor reprehenderit. Eligendi nihil esse omnis libero amet et voluptate suscipit.', 228, 0, 3, '2019-05-13 15:13:12', '2019-05-13 15:13:12'),
(32, 'deserunt', 'Cumque repellat id est beatae saepe. Harum reiciendis ea cum repellat sit. Quasi aut cum sed distinctio praesentium et.', 598, 0, 11, '2019-05-13 15:13:12', '2019-05-13 15:13:12'),
(33, 'quibusdam', 'Voluptas aut quae id et et. Sunt fuga alias quasi est. Consectetur sed eum enim maiores impedit aliquid maxime. Cupiditate quia esse et sunt voluptatibus. Commodi iusto vel rerum quas aspernatur.', 962, 4, 2, '2019-05-13 15:13:12', '2019-05-13 15:13:12'),
(34, 'modi', 'Deleniti expedita dolor non ipsam. Quibusdam totam et voluptatem corrupti quis.', 746, 5, 14, '2019-05-13 15:13:12', '2019-05-13 15:13:12'),
(35, 'odio', 'Ipsam omnis aliquid soluta. Pariatur provident odio culpa quia voluptas itaque. Alias vel placeat cupiditate eius.', 482, 5, 19, '2019-05-13 15:13:12', '2019-05-13 15:13:12'),
(36, 'ipsum', 'Libero nihil quo numquam iusto est. Ut commodi ipsum possimus neque expedita voluptatem consequatur veniam. Nisi esse aut nesciunt ullam voluptatum.', 387, 0, 30, '2019-05-13 15:13:12', '2019-05-13 15:13:12'),
(37, 'doloribus', 'Ut placeat aspernatur consequatur commodi. Adipisci placeat excepturi et non libero asperiores eos. Cumque ipsum consequatur dolorem consequatur aut deleniti. Sed doloribus quaerat veritatis voluptatem.', 945, 2, 5, '2019-05-13 15:13:12', '2019-05-13 15:13:12'),
(38, 'quo', 'Facilis ab sint nihil dolores ad provident reprehenderit. Quidem natus reprehenderit est et. Nulla dignissimos quibusdam facere mollitia qui est. Unde rem itaque cupiditate eaque saepe.', 119, 9, 19, '2019-05-13 15:13:12', '2019-05-13 15:13:12'),
(39, 'ratione', 'Fugit dolor corporis nesciunt vero consequatur qui. Et soluta recusandae voluptate id nisi voluptatum nihil. Enim minus sit soluta itaque fugiat est voluptas. Provident qui dolores in autem.', 339, 1, 13, '2019-05-13 15:13:12', '2019-05-13 15:13:12'),
(40, 'cum', 'Non voluptates et eius. Ea deserunt sed at magni vel id ipsam.', 466, 3, 28, '2019-05-13 15:13:12', '2019-05-13 15:13:12'),
(41, 'deserunt', 'Nisi officia voluptas recusandae quo perferendis ipsam. Sint nostrum eveniet nulla suscipit. Incidunt itaque ea deserunt.', 525, 1, 12, '2019-05-13 15:13:12', '2019-05-13 15:13:12'),
(42, 'officia', 'Aut qui ad beatae dolor. Optio molestiae facilis provident aut sunt molestiae libero et. Id dolorem libero ex consequatur quam quaerat.', 573, 4, 20, '2019-05-13 15:13:12', '2019-05-13 15:13:12'),
(43, 'est', 'Sit assumenda culpa aliquid quas possimus dolorem. Nulla quis cumque in debitis voluptatem. Soluta et aliquid modi et. Qui est qui eos. Tempora nam debitis qui laudantium architecto officiis porro.', 646, 8, 23, '2019-05-13 15:13:12', '2019-05-13 15:13:12'),
(44, 'delectus', 'Qui veritatis suscipit iure. At nihil perferendis saepe voluptatem.', 918, 5, 3, '2019-05-13 15:13:12', '2019-05-13 15:13:12'),
(45, 'corporis', 'Autem eligendi ut corrupti enim omnis ut. Ad culpa cumque in culpa neque sed tempore. Aut officiis et veritatis.', 888, 2, 28, '2019-05-13 15:13:12', '2019-05-13 15:13:12'),
(46, 'optio', 'Rerum maiores dolores iusto quam sit quisquam. Ducimus voluptatem laudantium deserunt esse facilis quaerat. Unde nihil et quod. Iure porro sed ut et alias eveniet voluptas.', 267, 1, 6, '2019-05-13 15:13:12', '2019-05-13 15:13:12'),
(47, 'enim', 'Enim saepe occaecati placeat. Unde veritatis assumenda ducimus pariatur. Modi quis quo dicta asperiores sapiente. Ipsa sunt non minus possimus recusandae esse.', 471, 5, 22, '2019-05-13 15:13:12', '2019-05-13 15:13:12'),
(48, 'nostrum', 'Ut quod fuga cumque vel id voluptatibus non doloribus. Rerum officia magnam quod quaerat dicta est sint optio. Ut consectetur quia rerum error magni aut cumque. Dignissimos et harum eos animi dolorum.', 227, 1, 22, '2019-05-13 15:13:12', '2019-05-13 15:13:12'),
(49, 'voluptatem', 'Tenetur omnis consequatur voluptates explicabo modi repellat voluptates. Voluptas nihil error cumque quia non et ut. Id voluptatibus molestias beatae qui sapiente.', 965, 3, 13, '2019-05-13 15:13:12', '2019-05-13 15:13:12'),
(50, 'accusamus', 'Et iure deserunt adipisci neque temporibus beatae soluta. Ipsum et sed ab est illum et dolore. Ut expedita quos provident reiciendis voluptatem.', 194, 2, 8, '2019-05-13 15:13:12', '2019-05-13 15:13:12'),
(51, 'voluptate', 'A et ducimus ut quia architecto. Dolor cupiditate aut quam et ullam possimus. Fugiat dolor sit natus commodi dolor aliquam reiciendis. Sint officia quos vero consequatur necessitatibus et aliquam omnis.', 282, 3, 5, '2019-05-13 15:15:23', '2019-05-13 15:15:23'),
(52, 'et', 'Quia adipisci voluptatem enim impedit. Earum enim quae veniam. Delectus officiis hic est dolor aliquam amet rerum. Dolor voluptatem vel vel.', 265, 0, 18, '2019-05-13 15:15:23', '2019-05-13 15:15:23'),
(53, 'labore', 'Non esse et illo ea minima quod magni. Recusandae accusantium odit ipsum voluptates harum et ut. Animi fugit dolorem quam fugiat totam voluptatum.', 492, 7, 5, '2019-05-13 15:15:23', '2019-05-13 15:15:23'),
(54, 'voluptatum', 'Omnis necessitatibus ut voluptatem eius cupiditate qui est officiis. Quod optio rem ipsa reiciendis et. Ad dolorem vel et. Qui deserunt aut harum qui.', 290, 4, 11, '2019-05-13 15:15:23', '2019-05-13 15:15:23'),
(55, 'tempore', 'Aut voluptas debitis ipsam nisi dolorem dolor nesciunt omnis. Vel nihil doloribus error culpa. Totam minus debitis commodi dignissimos sequi maxime delectus. Expedita vitae ipsum et et. Quo at nemo quasi sed hic perspiciatis aut.', 908, 5, 29, '2019-05-13 15:15:23', '2019-05-13 15:15:23'),
(56, 'qui', 'Ut est non aut rerum rerum. Perferendis ipsam enim voluptas deserunt eum quia. Autem quis ad amet voluptas aliquid facere incidunt. In consequatur repellendus pariatur doloribus non qui eius.', 108, 2, 8, '2019-05-13 15:15:23', '2019-05-13 15:15:23'),
(57, 'rerum', 'Consequatur tenetur commodi debitis laboriosam ex facilis eaque et. Fugiat doloremque commodi ut incidunt aperiam. Labore qui occaecati similique debitis facere nesciunt magnam.', 843, 3, 6, '2019-05-13 15:15:23', '2019-05-13 15:15:23'),
(58, 'qui', 'Temporibus explicabo pariatur eveniet at adipisci aperiam dolorum. Similique eligendi nisi voluptas placeat optio voluptates incidunt. Voluptatem consequatur voluptates tempore pariatur numquam libero voluptatem.', 718, 5, 24, '2019-05-13 15:15:23', '2019-05-13 15:15:23'),
(59, 'reprehenderit', 'Ut ut molestiae sint est cupiditate quo qui. Vel veritatis magnam nesciunt. Quos quod totam est iusto maiores id.', 536, 7, 23, '2019-05-13 15:15:23', '2019-05-13 15:15:23'),
(60, 'facere', 'Nulla nesciunt id quam et. Dolorem vel suscipit nemo tempora nemo.', 117, 2, 25, '2019-05-13 15:15:23', '2019-05-13 15:15:23'),
(61, 'placeat', 'Veniam deleniti qui eum laudantium adipisci et. Dolores occaecati est sint minima fugit. Modi nihil temporibus possimus non nihil earum.', 813, 5, 18, '2019-05-13 15:15:23', '2019-05-13 15:15:23'),
(62, 'quia', 'Aspernatur qui ex ex saepe rerum sed esse tempore. Officiis asperiores doloremque est velit maxime ea aut. Aut modi reprehenderit qui consequuntur commodi est dolore. Voluptatem provident et delectus aperiam eos minima molestiae veniam.', 570, 7, 12, '2019-05-13 15:15:23', '2019-05-13 15:15:23'),
(63, 'voluptas', 'Accusamus maiores aliquid accusamus ut impedit quasi quia. Aliquid doloremque asperiores repellendus voluptatem. Voluptatem reiciendis reprehenderit veniam velit voluptatem. Maxime eos atque enim.', 412, 7, 21, '2019-05-13 15:15:23', '2019-05-13 15:15:23'),
(64, 'quia', 'Consequatur et laborum architecto ut perferendis ut. Non ut aut provident qui.', 164, 1, 29, '2019-05-13 15:15:23', '2019-05-13 15:15:23'),
(65, 'molestiae', 'Est consequatur ut non dolore. Exercitationem consequatur dolor quos voluptates mollitia corporis quia rem. Et odit voluptatem at consequuntur nihil.', 608, 2, 16, '2019-05-13 15:15:23', '2019-05-13 15:15:23'),
(66, 'ea', 'Ea sit a possimus quia illum eos velit sunt. Explicabo rem accusamus eaque a praesentium molestias non.', 450, 3, 9, '2019-05-13 15:15:23', '2019-05-13 15:15:23'),
(67, 'magnam', 'Occaecati ratione dignissimos qui perferendis. Et doloremque voluptates esse iste et non voluptatem. Earum mollitia sint et error dolore ea.', 413, 6, 27, '2019-05-13 15:15:23', '2019-05-13 15:15:23'),
(68, 'ea', 'Reprehenderit illum hic architecto illo ex. Quisquam vero laborum saepe ut sunt quidem. Earum ut sint eius qui sed.', 351, 7, 23, '2019-05-13 15:15:23', '2019-05-13 15:15:23'),
(69, 'ipsum', 'Aut sed porro cupiditate delectus recusandae. Quas nihil iusto sint soluta dicta cumque. Aliquam non ipsa in vel rerum et iste. Laudantium omnis eveniet error architecto soluta.', 362, 9, 4, '2019-05-13 15:15:23', '2019-05-13 15:15:23'),
(70, 'iusto', 'Quod aperiam omnis beatae. Quia non libero facilis. Et excepturi non est modi.', 238, 4, 23, '2019-05-13 15:15:23', '2019-05-13 15:15:23'),
(71, 'quisquam', 'Quia eveniet sequi commodi ipsa laboriosam sunt aspernatur. Earum hic dolores dolor in et aut vitae amet. Ut atque asperiores ut quia.', 417, 7, 4, '2019-05-13 15:15:23', '2019-05-13 15:15:23'),
(72, 'earum', 'Autem quod sint qui qui. Voluptate autem eius ad molestiae quia quia nesciunt. Assumenda eligendi adipisci culpa. Libero hic ullam deserunt vel sint doloremque sunt.', 191, 9, 9, '2019-05-13 15:15:23', '2019-05-13 15:15:23'),
(73, 'quam', 'Facere id rem est reprehenderit est cupiditate. Culpa incidunt et aperiam magnam. Qui quia repudiandae quia dolorem et. Dolorem quo quaerat odit perspiciatis eum.', 267, 9, 9, '2019-05-13 15:15:23', '2019-05-13 15:15:23'),
(74, 'omnis', 'Et aperiam et sed voluptatem. Fugiat dolorem error quia quia. Omnis voluptatem maiores voluptatum tenetur.', 194, 8, 25, '2019-05-13 15:15:23', '2019-05-13 15:15:23'),
(75, 'amet', 'Id consequatur quasi rerum et eaque suscipit. Totam sunt placeat dolores aut sint qui et. Repellendus optio ut eveniet harum praesentium.', 829, 8, 29, '2019-05-13 15:15:23', '2019-05-13 15:15:23'),
(76, 'provident', 'Ea nemo veniam quis voluptas assumenda. Id maxime nihil minus odit eaque recusandae error.', 437, 8, 8, '2019-05-13 15:15:23', '2019-05-13 15:15:23'),
(77, 'rem', 'Dolores omnis quisquam consequuntur perferendis. Et expedita quidem molestiae harum aspernatur dolorem. Molestias debitis tempore debitis aut officia. Itaque praesentium distinctio excepturi sint aliquam possimus nostrum.', 747, 3, 26, '2019-05-13 15:15:23', '2019-05-13 15:15:23'),
(78, 'nam', 'Totam placeat rem consequatur iste molestiae recusandae et. Aperiam vel voluptatum est harum voluptate. Vitae omnis enim vel.', 711, 9, 7, '2019-05-13 15:15:23', '2019-05-13 15:15:23'),
(79, 'voluptas', 'Cupiditate similique et atque. Aspernatur id quia accusantium mollitia. Omnis sunt natus similique sit. Blanditiis culpa aspernatur earum nostrum. Omnis ut quae dolor occaecati.', 641, 4, 6, '2019-05-13 15:15:23', '2019-05-13 15:15:23'),
(80, 'iusto', 'Est sapiente recusandae odit doloribus. Hic similique ipsa earum velit quia accusamus autem. Sequi vel nisi quia error et molestiae.', 451, 8, 13, '2019-05-13 15:15:23', '2019-05-13 15:15:23'),
(81, 'totam', 'Voluptatem quae et fuga maxime consequatur sed alias. Qui accusantium id quis vitae ipsa iusto molestiae. Porro aspernatur eos possimus ipsam et ut et vel. Veritatis dolor saepe ut voluptas illum beatae.', 544, 6, 4, '2019-05-13 15:15:23', '2019-05-13 15:15:23'),
(82, 'nisi', 'Et voluptatem qui non laudantium eos et. Aut rerum est ratione sit ut ut. Beatae aut et voluptate et qui ea. Laudantium accusamus eligendi velit dolorum nostrum.', 514, 7, 8, '2019-05-13 15:15:23', '2019-05-13 15:15:23'),
(83, 'dolores', 'Dolorem eligendi itaque sit autem voluptatem. Consectetur sint reprehenderit quaerat sed. Quia voluptatem et ex facere quis et molestias.', 244, 6, 4, '2019-05-13 15:15:23', '2019-05-13 15:15:23'),
(84, 'libero', 'Asperiores cupiditate quia magni. Nihil ex id sint assumenda. Ut modi harum saepe iusto qui velit commodi nesciunt.', 782, 2, 9, '2019-05-13 15:15:23', '2019-05-13 15:15:23'),
(85, 'impedit', 'Accusantium consequatur eos itaque ex numquam. Esse ut facere sed enim corporis. Ipsum laudantium sed tempora inventore facere odio. Corporis nesciunt possimus ut qui quam est fuga.', 534, 4, 8, '2019-05-13 15:15:23', '2019-05-13 15:15:23'),
(86, 'qui', 'Non neque dolore nostrum. Veniam voluptate consectetur ut numquam aut qui. Quibusdam deleniti assumenda aperiam velit nisi consectetur earum. Molestiae blanditiis sunt fugit autem est adipisci. Amet qui accusamus corporis nisi iure.', 935, 1, 20, '2019-05-13 15:15:23', '2019-05-13 15:15:23'),
(87, 'vel', 'Et et voluptatum quasi quia sit nihil fugit labore. Et id ut itaque quaerat voluptas et tempore atque. Placeat quaerat laboriosam odio quaerat.', 770, 7, 24, '2019-05-13 15:15:23', '2019-05-13 15:15:23'),
(88, 'qui', 'Ad et aliquid omnis consequatur similique. Omnis ipsum maiores facere atque et sapiente. Voluptate nesciunt quisquam ut.', 418, 3, 16, '2019-05-13 15:15:23', '2019-05-13 15:15:23'),
(89, 'quo', 'Iste qui impedit placeat minima ducimus. Culpa eos voluptatibus pariatur maxime fuga rem necessitatibus.', 354, 3, 28, '2019-05-13 15:15:23', '2019-05-13 15:15:23'),
(90, 'aut', 'Soluta quia voluptates repudiandae quam. Dolores repellendus vel qui culpa et. Vero ducimus beatae adipisci cupiditate eos aspernatur. Ut enim voluptatum omnis occaecati.', 308, 0, 17, '2019-05-13 15:15:23', '2019-05-13 15:15:23'),
(91, 'totam', 'Aperiam accusamus nisi modi asperiores dignissimos. Et dolorem ab ratione rem qui ipsa sequi. Tempore illum doloribus eius non provident voluptas.', 531, 4, 30, '2019-05-13 15:15:23', '2019-05-13 15:15:23'),
(92, 'nihil', 'Molestiae sit sunt minus vel et. Nobis maxime sit consectetur blanditiis qui occaecati nihil. Fuga incidunt consectetur alias dolores omnis id temporibus.', 416, 0, 18, '2019-05-13 15:15:23', '2019-05-13 15:15:23'),
(93, 'aut', 'Qui accusamus officia et culpa ut voluptatem minus. Consequatur quam voluptas iusto atque et. Labore aspernatur necessitatibus quis commodi recusandae officiis.', 538, 0, 21, '2019-05-13 15:15:23', '2019-05-13 15:15:23'),
(94, 'possimus', 'Quas blanditiis et aut consequatur nihil soluta possimus. At non repudiandae voluptas doloremque. Quod porro dolorem mollitia quia eum eos.', 327, 0, 29, '2019-05-13 15:15:23', '2019-05-13 15:15:23'),
(95, 'autem', 'Temporibus quasi eos quidem nostrum inventore ratione. Velit voluptatem quia veritatis consequatur aut accusantium. Voluptas voluptate ut aut non. Aut ut asperiores fugiat vel.', 348, 8, 21, '2019-05-13 15:15:23', '2019-05-13 15:15:23'),
(96, 'cumque', 'Eos quisquam molestiae voluptas eum doloribus facere in. Qui in est molestiae a corrupti dolor. Praesentium quisquam odio quidem. Hic omnis placeat vel.', 200, 1, 18, '2019-05-13 15:15:23', '2019-05-13 15:15:23'),
(97, 'quos', 'Dolorem beatae natus vitae sint. Aliquam omnis eaque culpa tempora earum minus. Eveniet ullam sint fugit aut molestiae veniam. Fugit omnis odit molestias dolore voluptatem.', 638, 4, 10, '2019-05-13 15:15:23', '2019-05-13 15:15:23'),
(98, 'ullam', 'Et deleniti eius omnis non. Nulla numquam aut voluptatem labore et suscipit.', 510, 4, 7, '2019-05-13 15:15:23', '2019-05-13 15:15:23'),
(99, 'beatae', 'Sed rerum et eos eum. Vitae delectus sapiente aut ducimus rem qui necessitatibus. Amet est quaerat cupiditate consequuntur magni dolores.', 747, 9, 2, '2019-05-13 15:15:23', '2019-05-13 15:15:23'),
(100, 'consequuntur', 'Pariatur quo accusantium recusandae iusto. Iusto dolorem quia recusandae dicta repellendus ratione. Labore qui et quo doloribus adipisci voluptatum. Aut eum ut eos animi et reprehenderit non.', 364, 5, 6, '2019-05-13 15:15:23', '2019-05-13 15:15:23');

-- --------------------------------------------------------

--
-- Table structure for table `reviews`
--

DROP TABLE IF EXISTS `reviews`;
CREATE TABLE IF NOT EXISTS `reviews` (
  `id` bigint(20) UNSIGNED NOT NULL AUTO_INCREMENT,
  `product_id` int(10) UNSIGNED NOT NULL,
  `customer` varchar(191) COLLATE utf8mb4_unicode_ci NOT NULL,
  `review` text COLLATE utf8mb4_unicode_ci NOT NULL,
  `star` int(11) NOT NULL,
  `created_at` timestamp NULL DEFAULT NULL,
  `updated_at` timestamp NULL DEFAULT NULL,
  PRIMARY KEY (`id`),
  KEY `reviews_product_id_index` (`product_id`)
) ENGINE=MyISAM AUTO_INCREMENT=301 DEFAULT CHARSET=utf8mb4 COLLATE=utf8mb4_unicode_ci;

--
-- Truncate table before insert `reviews`
--

TRUNCATE TABLE `reviews`;
--
-- Dumping data for table `reviews`
--

INSERT INTO `reviews` (`id`, `product_id`, `customer`, `review`, `star`, `created_at`, `updated_at`) VALUES
(1, 59, 'Kraig Cormier', 'Dolorum et cum nemo laudantium et expedita. Inventore reiciendis praesentium nulla autem sed ratione. Sunt voluptas eius minus necessitatibus.', 0, '2019-05-13 15:15:25', '2019-05-13 15:15:25'),
(2, 45, 'Keenan Fahey', 'Voluptatem mollitia deserunt voluptas autem. Culpa hic nisi accusamus quis. Quia quod deleniti minima non eius.', 5, '2019-05-13 15:15:25', '2019-05-13 15:15:25'),
(3, 89, 'Angie Pagac', 'Reprehenderit voluptatibus quia error ut quis sint. Saepe quaerat odit quia et occaecati suscipit laborum adipisci.', 3, '2019-05-13 15:15:25', '2019-05-13 15:15:25'),
(4, 73, 'Camille Jacobi', 'Officiis voluptatibus asperiores quibusdam magni accusamus ullam. Eaque magni iste ut. Eligendi ratione quas vitae repellat beatae et.', 0, '2019-05-13 15:15:25', '2019-05-13 15:15:25'),
(5, 79, 'Genevieve Morissette MD', 'Doloremque illo explicabo maxime aut. Quod sunt ut quidem minima labore. Rerum nam placeat aut sit sed.', 4, '2019-05-13 15:15:25', '2019-05-13 15:15:25'),
(6, 9, 'Taylor Breitenberg', 'Vitae amet quae earum accusamus odio qui. Repellat voluptatem maiores temporibus eius molestias maxime. Officia eveniet non optio et.', 2, '2019-05-13 15:15:25', '2019-05-13 15:15:25'),
(7, 92, 'Prof. Anissa McClure Sr.', 'Quisquam aspernatur officiis minus inventore sit dolorem fugit. At qui nihil dolores sint magni. Qui nam tempore non ipsum saepe. Asperiores officiis id odio error voluptas. Corrupti dolorum molestiae reprehenderit optio consequatur quo omnis.', 5, '2019-05-13 15:15:25', '2019-05-13 15:15:25'),
(8, 15, 'Freda King', 'Et hic est et ad suscipit non voluptatibus. Sint atque quo reprehenderit amet facilis odio maiores.', 2, '2019-05-13 15:15:25', '2019-05-13 15:15:25'),
(9, 45, 'Prof. Trystan Bednar III', 'Et possimus consequatur aut. Delectus aut quae voluptatem accusamus unde aspernatur consequatur et. Ratione qui quae error assumenda.', 5, '2019-05-13 15:15:25', '2019-05-13 15:15:25'),
(10, 70, 'Dr. Geovanni Willms', 'Nostrum ut pariatur omnis nemo. Reiciendis autem vitae sed. Vel enim error adipisci id nemo.', 3, '2019-05-13 15:15:25', '2019-05-13 15:15:25'),
(11, 44, 'Prof. Dion Carter', 'Sequi voluptatem perferendis quae aspernatur vel eligendi dolores. Quisquam fugiat voluptas enim officia voluptatem sit deleniti. Nihil sapiente tenetur et eos officiis dicta tempora.', 4, '2019-05-13 15:15:25', '2019-05-13 15:15:25'),
(12, 28, 'Prof. Waldo Ullrich PhD', 'Consequatur sed dolor numquam ducimus dolorem alias omnis. Esse velit qui rerum eum ex. Deserunt minus qui repudiandae et ex ut. Accusamus veniam voluptas sint ea quas suscipit aliquam.', 5, '2019-05-13 15:15:25', '2019-05-13 15:15:25'),
(13, 42, 'Christy Kreiger', 'Soluta autem ratione occaecati. In repudiandae voluptatem non distinctio. Quia unde deleniti delectus voluptate aut temporibus.', 3, '2019-05-13 15:15:25', '2019-05-13 15:15:25'),
(14, 77, 'Ivy Marquardt', 'Nostrum sint tempore rerum officiis quae minima. Atque ut asperiores non autem in. Unde quo dolores sequi eum delectus ad dignissimos. Ducimus sequi iste occaecati debitis sapiente autem asperiores.', 3, '2019-05-13 15:15:25', '2019-05-13 15:15:25'),
(15, 64, 'Vladimir Swift', 'Eligendi quaerat beatae molestiae quis minus. Quasi ipsum et possimus harum aliquam. Porro accusantium mollitia ea excepturi a magnam doloribus.', 4, '2019-05-13 15:15:25', '2019-05-13 15:15:25'),
(16, 62, 'Prof. Orrin Lynch I', 'Nemo occaecati repudiandae incidunt. Dolor facilis ut sequi autem quo nobis sint. Fugiat error quidem adipisci iste. Laborum optio maiores tempora occaecati eos.', 0, '2019-05-13 15:15:26', '2019-05-13 15:15:26'),
(17, 62, 'Toney Sauer', 'Et praesentium nihil tempore perspiciatis sunt non nemo. Voluptas ut dicta iure optio quas cumque. Molestiae ipsa et itaque eligendi repudiandae accusantium aut.', 3, '2019-05-13 15:15:26', '2019-05-13 15:15:26'),
(18, 6, 'Prof. Zella Jacobi', 'Mollitia occaecati unde saepe dolor asperiores blanditiis. Non asperiores autem est in alias et. Corrupti ea est ullam earum voluptas. Earum amet beatae architecto ipsam quas mollitia.', 5, '2019-05-13 15:15:26', '2019-05-13 15:15:26'),
(19, 24, 'Dr. Leonor Rolfson', 'Aspernatur quo libero sequi rem deserunt. Rem et voluptatem recusandae fugiat tempore placeat soluta necessitatibus. Ut quia animi voluptate aut illum. Tempore occaecati unde cumque pariatur et et. Et aut laborum non similique aut sit quis.', 1, '2019-05-13 15:15:26', '2019-05-13 15:15:26'),
(20, 77, 'Devante Haley', 'Est amet amet commodi nemo. Et ut ut sunt id. Magnam officia provident veniam qui vel voluptatibus quibusdam nemo. Hic aut enim impedit qui sit. Neque sunt aut corporis aut.', 0, '2019-05-13 15:15:26', '2019-05-13 15:15:26'),
(21, 95, 'Dr. Rigoberto Konopelski', 'Aut ratione veniam voluptas rerum et consequatur autem. Asperiores sequi sequi ipsa aut qui. Occaecati beatae est quo sit voluptatum magnam.', 0, '2019-05-13 15:15:26', '2019-05-13 15:15:26'),
(22, 17, 'Therese Stehr PhD', 'Sed eveniet alias nostrum quam aut praesentium laborum. Amet similique aspernatur soluta ullam repellendus laudantium aut. Esse inventore ratione accusamus nulla vitae a. Ut in cum ducimus sint at ullam sunt.', 0, '2019-05-13 15:15:26', '2019-05-13 15:15:26'),
(23, 14, 'Antonietta Kunde', 'Odio voluptatem perspiciatis nulla ipsam quasi expedita incidunt. Eaque vitae tempore nihil distinctio quaerat quam deleniti quas.', 4, '2019-05-13 15:15:26', '2019-05-13 15:15:26'),
(24, 60, 'Jamal Fisher', 'Dicta nam minus tenetur voluptas voluptas possimus laudantium. Ullam alias quia officia aliquid. Incidunt molestiae natus in qui dolorem ut.', 1, '2019-05-13 15:15:26', '2019-05-13 15:15:26'),
(25, 6, 'Jarret Schinner', 'Non deleniti enim qui placeat aut ut dicta. Enim aspernatur veritatis autem incidunt delectus. Sunt aut inventore numquam doloribus est iure perferendis.', 2, '2019-05-13 15:15:26', '2019-05-13 15:15:26'),
(26, 59, 'Henri Morissette', 'Quam est sit quaerat omnis dolor cumque. Eveniet nisi error consequatur ratione magnam assumenda ut ducimus. Est id sunt deserunt iste itaque. Tenetur dolor quia iusto rerum.', 1, '2019-05-13 15:15:26', '2019-05-13 15:15:26'),
(27, 100, 'Prof. Michel Rippin I', 'Ut consequatur magnam deserunt eveniet repellendus. Voluptate optio consequatur itaque. Ipsa et nam sapiente quae dolorum impedit.', 1, '2019-05-13 15:15:26', '2019-05-13 15:15:26'),
(28, 54, 'Lillie Dickinson II', 'Optio autem autem aut itaque laudantium ut. Corrupti dignissimos voluptatem maxime. Sed tempora officiis voluptas libero est distinctio culpa.', 5, '2019-05-13 15:15:26', '2019-05-13 15:15:26'),
(29, 13, 'Betty King', 'Sit numquam blanditiis fuga aut et. Id neque qui omnis fuga soluta. Voluptatem est tempora voluptatem nobis eaque quibusdam.', 1, '2019-05-13 15:15:26', '2019-05-13 15:15:26'),
(30, 85, 'Tierra Rippin', 'Est est quia neque esse fugit ipsum. Architecto nemo autem qui perferendis iure et autem. Repudiandae sit et esse. Provident fugiat excepturi qui nesciunt qui qui explicabo sint.', 2, '2019-05-13 15:15:26', '2019-05-13 15:15:26'),
(31, 18, 'Dalton Satterfield', 'Assumenda iusto praesentium aspernatur est sint cumque optio architecto. Voluptas omnis nulla in voluptatem dicta vero tempore fugiat. Et vitae atque porro.', 1, '2019-05-13 15:15:26', '2019-05-13 15:15:26'),
(32, 95, 'Marianna Eichmann', 'Quae eos tenetur ut et laudantium animi maiores. Aperiam quidem rerum accusamus perspiciatis magni consequatur est. Voluptate optio impedit non iste enim. Placeat ratione earum molestiae necessitatibus et.', 3, '2019-05-13 15:15:26', '2019-05-13 15:15:26'),
(33, 33, 'Donato Baumbach', 'Sit voluptatem aliquam et voluptatem sed esse. Deserunt repellat suscipit commodi. Enim ut enim voluptatem sit qui id. Consequatur aut ut et sint a distinctio voluptatem.', 1, '2019-05-13 15:15:26', '2019-05-13 15:15:26'),
(34, 7, 'Winifred O\'Reilly', 'Qui qui eum est. Sit aut repellat dolor eligendi et laudantium. Fuga qui qui qui perspiciatis et voluptatem.', 4, '2019-05-13 15:15:26', '2019-05-13 15:15:26'),
(35, 65, 'Celestine Buckridge', 'Rerum error delectus et et. Et odit voluptatem nihil eos quisquam illo. Beatae architecto itaque tenetur.', 0, '2019-05-13 15:15:26', '2019-05-13 15:15:26'),
(36, 96, 'Merle West', 'Voluptas aut optio veritatis. Asperiores enim sit culpa est sunt. Fuga dolore suscipit quis molestias repellat deleniti provident sequi. Dolor asperiores sunt magnam expedita nulla. Quod pariatur illum voluptas magnam sunt.', 3, '2019-05-13 15:15:26', '2019-05-13 15:15:26'),
(37, 65, 'Cheyanne Block DVM', 'Repudiandae qui et aut neque debitis. Numquam iste eveniet quam qui debitis est quibusdam. Debitis assumenda ullam dolorem quisquam soluta voluptatem qui sed. Dolorem culpa adipisci praesentium dolores esse. Molestias et qui velit beatae quod.', 4, '2019-05-13 15:15:26', '2019-05-13 15:15:26'),
(38, 93, 'Scarlett Larson DDS', 'Consectetur nemo voluptatem doloribus aut facilis. Qui totam in sint tenetur vel et sapiente qui. Unde aut qui impedit. Aut doloremque optio rem in cum.', 2, '2019-05-13 15:15:26', '2019-05-13 15:15:26'),
(39, 47, 'Jana Harris', 'Placeat ea voluptatum facilis qui incidunt mollitia omnis qui. Quia numquam sunt dicta id. Consequatur architecto laboriosam tempora dicta aut exercitationem voluptatem. Corporis et eveniet labore et voluptatum ullam.', 1, '2019-05-13 15:15:26', '2019-05-13 15:15:26'),
(40, 99, 'Ronaldo Beahan', 'Qui veritatis recusandae alias sunt quia aspernatur. Occaecati aliquid a est vel a corporis beatae consequatur. Voluptates incidunt impedit id quaerat cumque. Expedita fuga dolore vero.', 2, '2019-05-13 15:15:26', '2019-05-13 15:15:26'),
(41, 27, 'Filiberto Mosciski', 'Enim provident repudiandae culpa vel nesciunt consequatur. Sit adipisci porro adipisci ipsa. Consequatur et vel voluptate aut.', 1, '2019-05-13 15:15:26', '2019-05-13 15:15:26'),
(42, 64, 'Justice Ebert II', 'Corrupti est distinctio maiores tempora vero dolores. Deserunt aliquid iure voluptas in. Voluptates veniam est voluptas sit neque.', 5, '2019-05-13 15:15:26', '2019-05-13 15:15:26'),
(43, 16, 'Ara Johnston', 'Voluptas officiis ipsum exercitationem dicta. Ducimus illo velit velit. Ipsum voluptatum quasi ex eos qui quo sint esse.', 3, '2019-05-13 15:15:26', '2019-05-13 15:15:26'),
(44, 89, 'Ms. Dolores Stanton Sr.', 'Facilis ipsa doloremque alias at. Distinctio dolores velit harum explicabo delectus modi accusantium eos. Dolore natus esse sed deserunt minima consequatur nisi omnis.', 5, '2019-05-13 15:15:26', '2019-05-13 15:15:26'),
(45, 89, 'Melisa Koss', 'Nemo dolor in rem. Vitae quaerat mollitia quaerat. Ipsa velit molestiae nam sed quas quibusdam. Molestias itaque et cumque eius autem quis.', 1, '2019-05-13 15:15:26', '2019-05-13 15:15:26'),
(46, 60, 'Therese Wunsch', 'Quaerat sunt est minus quia rerum facere provident. Sunt et aliquid quia quod temporibus. Eius quasi deserunt corrupti. Nulla nemo officia voluptas non sint.', 0, '2019-05-13 15:15:26', '2019-05-13 15:15:26'),
(47, 34, 'Shakira Gusikowski', 'Ut sapiente quis autem amet sit unde repellendus. Odio delectus aut aut ad dolores enim. Itaque tenetur nesciunt odio natus corporis.', 4, '2019-05-13 15:15:26', '2019-05-13 15:15:26'),
(48, 45, 'Burnice Champlin DDS', 'Consectetur in labore sit sint repellat debitis. Quo ullam est nihil cupiditate. Dolorem recusandae beatae exercitationem aliquid. Aut ullam cumque voluptas ut dolore esse.', 5, '2019-05-13 15:15:26', '2019-05-13 15:15:26'),
(49, 52, 'Tamara Schoen', 'Ab aut et nemo enim numquam dolor. Officiis exercitationem aut eum tempora debitis est. Voluptate placeat in earum ut nobis et magnam. Expedita adipisci atque inventore voluptas saepe.', 2, '2019-05-13 15:15:26', '2019-05-13 15:15:26'),
(50, 58, 'Broderick Harvey', 'Assumenda blanditiis et vero ad. Voluptas nam laboriosam et eligendi. Amet inventore laborum suscipit sit facere similique ipsa. Iure amet magnam voluptas deserunt nostrum.', 0, '2019-05-13 15:15:26', '2019-05-13 15:15:26'),
(51, 21, 'Bessie Ruecker', 'Magni occaecati sit vero doloremque nihil dolor molestias esse. Exercitationem non omnis id officia sint. Sint quaerat perspiciatis quos ad amet sed.', 5, '2019-05-13 15:15:26', '2019-05-13 15:15:26'),
(52, 27, 'Dedric Cartwright', 'Omnis ut est nihil ratione facere sequi totam neque. Nihil hic a in sunt harum iure. Quos sunt eos et.', 1, '2019-05-13 15:15:26', '2019-05-13 15:15:26'),
(53, 27, 'Rasheed Legros', 'Ut ut quaerat nam non. Fugiat iure ad accusamus perferendis. Est quis est ratione voluptates. Et corrupti asperiores et consequatur et perspiciatis. Minus voluptates at sit et similique.', 1, '2019-05-13 15:15:26', '2019-05-13 15:15:26'),
(54, 94, 'Kayden Hansen V', 'Repellat sequi voluptas sed et amet est officia nihil. Dignissimos ratione error quia quisquam. Omnis dolor est et tempora qui dolor quia.', 4, '2019-05-13 15:15:26', '2019-05-13 15:15:26'),
(55, 68, 'Katelyn Marquardt DDS', 'Voluptatibus fuga in et omnis. Error aut consequuntur quibusdam sed. Distinctio a quae repudiandae aut.', 5, '2019-05-13 15:15:26', '2019-05-13 15:15:26'),
(56, 36, 'Leland Kuhn', 'Tenetur rerum non incidunt aspernatur. Voluptates fugit magni accusamus ut. Sit dolorem laudantium temporibus voluptas. Illo et aut itaque eos.', 5, '2019-05-13 15:15:26', '2019-05-13 15:15:26'),
(57, 52, 'Ms. Anissa Stiedemann Jr.', 'Odit et perferendis consectetur velit fugit corporis velit non. Voluptates occaecati ducimus officiis nemo dolor et quae. Veniam animi non voluptas et ut.', 3, '2019-05-13 15:15:26', '2019-05-13 15:15:26'),
(58, 84, 'Dr. Max Heathcote', 'Tempora qui eum quaerat perspiciatis. Illum inventore dolorem accusamus doloribus repellat facilis qui. Sapiente rerum ut magnam ut rerum.', 2, '2019-05-13 15:15:26', '2019-05-13 15:15:26'),
(59, 20, 'Ola Powlowski IV', 'Asperiores est earum ea quos. Occaecati dolore voluptas occaecati molestiae. Excepturi rem veritatis sunt quos officiis id. Et consequatur ipsam est earum eum corrupti eveniet.', 2, '2019-05-13 15:15:26', '2019-05-13 15:15:26'),
(60, 63, 'Marco Beier PhD', 'Aut accusamus architecto ut eum est dolorum. Sed laboriosam omnis ut itaque. Quia rerum aut quod. Sint soluta eos vero perferendis.', 5, '2019-05-13 15:15:26', '2019-05-13 15:15:26'),
(61, 65, 'Michale Reynolds', 'Consequatur distinctio rerum rerum voluptas. Est doloremque delectus quas veniam. Minus vitae deserunt facere esse laudantium. Dicta molestiae vel nisi. Quo dolore ut sit consequatur amet dolorem.', 3, '2019-05-13 15:15:26', '2019-05-13 15:15:26'),
(62, 75, 'Taryn Ziemann', 'Quasi error recusandae eos occaecati. Sint quas qui eius sit. Vel et et sit soluta magni. Ipsum aspernatur voluptate animi est. Dolores debitis sunt et non accusantium repellat fuga est.', 4, '2019-05-13 15:15:26', '2019-05-13 15:15:26'),
(63, 85, 'Wyatt Waelchi DDS', 'Tempore voluptas porro laudantium tempore iure quod. Maxime rerum libero deserunt quas aut qui perspiciatis quis. Fugit consequuntur nihil cum iure est velit et vitae. Eius aut error et eius.', 0, '2019-05-13 15:15:26', '2019-05-13 15:15:26'),
(64, 25, 'Mireille Pfannerstill', 'Alias qui voluptas corrupti sed asperiores at. Veniam deleniti vero sed eius provident laborum dicta. Ipsum sint tempore voluptate dolorum quas repellendus sed dicta.', 3, '2019-05-13 15:15:26', '2019-05-13 15:15:26'),
(65, 74, 'Delmer Gleichner', 'Molestias quia aliquid sint praesentium ut perferendis. Consequuntur aut voluptatibus qui voluptas omnis repellendus rerum. Quisquam voluptatem autem consequatur nihil libero quam. Assumenda inventore odit possimus magnam quia omnis maxime.', 0, '2019-05-13 15:15:26', '2019-05-13 15:15:26'),
(66, 79, 'Ricky Gleichner', 'Aut ut molestias quis consectetur provident sint. Et consequuntur quia eos. Fugiat dicta non iste doloremque mollitia voluptatibus. Rerum esse autem consequuntur incidunt quae consectetur.', 2, '2019-05-13 15:15:26', '2019-05-13 15:15:26'),
(67, 40, 'Prof. Otha Effertz', 'Quisquam facere distinctio rerum cumque. Temporibus doloremque quo commodi modi accusantium. Ut animi esse veniam qui dolorem sit id. Illo tempore harum distinctio nostrum animi ut.', 3, '2019-05-13 15:15:26', '2019-05-13 15:15:26'),
(68, 71, 'Dorian Fay Jr.', 'Labore ut reiciendis est rem rem quidem. Atque nam blanditiis in nostrum. Iure modi eos quis voluptatem quis inventore. Consectetur quibusdam at ratione.', 3, '2019-05-13 15:15:26', '2019-05-13 15:15:26'),
(69, 99, 'Prof. Jadyn Bins III', 'Soluta placeat ut id porro rem similique. Quo tempore autem eos exercitationem earum amet ut. Doloribus eligendi dolor blanditiis provident quis.', 1, '2019-05-13 15:15:26', '2019-05-13 15:15:26'),
(70, 96, 'Will Jerde I', 'Nulla ipsam et ipsum doloremque asperiores. Aut facere culpa quia unde nisi dolores. Ipsum amet consequatur sequi explicabo in amet culpa. Beatae dolorem veniam perspiciatis.', 2, '2019-05-13 15:15:26', '2019-05-13 15:15:26'),
(71, 21, 'Marlon Macejkovic', 'Consequatur ea est consequatur dolores sint et vero. Nihil quod asperiores dolorem amet eum consequatur minima vel. Sapiente et rerum aspernatur commodi culpa distinctio vel. Aut quas voluptate omnis ipsa voluptatibus aut.', 0, '2019-05-13 15:15:26', '2019-05-13 15:15:26'),
(72, 32, 'Ms. Layla Bailey Sr.', 'Sunt ratione quaerat quos. Magnam nesciunt fugiat reprehenderit libero. Voluptatem quam tenetur enim quidem voluptatem sit.', 2, '2019-05-13 15:15:26', '2019-05-13 15:15:26'),
(73, 56, 'Ambrose Gerhold I', 'Cum illum voluptatem vel animi suscipit et. Qui id quia labore dicta. Rerum et tempore adipisci odit enim fugiat magnam. Optio rerum dolorem inventore sit.', 0, '2019-05-13 15:15:26', '2019-05-13 15:15:26'),
(74, 34, 'Ardith Casper', 'Quisquam quibusdam at sed voluptates et blanditiis. Sit dolor nulla excepturi. Fuga ab et repellendus nobis et. Earum ratione tempore aut ut.', 2, '2019-05-13 15:15:26', '2019-05-13 15:15:26'),
(75, 98, 'Antoinette Bashirian', 'Consectetur necessitatibus beatae inventore quam aut. Neque dolorem excepturi rem culpa sapiente quis. Labore quaerat quibusdam voluptatem.', 4, '2019-05-13 15:15:26', '2019-05-13 15:15:26'),
(76, 34, 'Prof. Emerald Nienow PhD', 'Labore reprehenderit voluptatum autem est aut soluta. Vel iusto placeat distinctio vero quaerat. Explicabo accusamus est facere dignissimos cupiditate. Doloremque dolores qui nostrum similique id.', 1, '2019-05-13 15:15:26', '2019-05-13 15:15:26'),
(77, 48, 'Lottie Johnson', 'Dolorem suscipit consequatur autem. Dolor voluptatem iste cum laboriosam. Tempora et mollitia explicabo.', 2, '2019-05-13 15:15:26', '2019-05-13 15:15:26'),
(78, 36, 'Foster Ankunding', 'Quia minima nesciunt minima. Est ut et vitae officia deleniti dolores. Enim amet aut earum commodi accusantium odio. Vel ex et enim quia et voluptas nisi.', 5, '2019-05-13 15:15:26', '2019-05-13 15:15:26'),
(79, 53, 'Kaya Anderson', 'Voluptatum voluptatum eum esse. Aut architecto ut adipisci. Voluptatum magnam deleniti cupiditate.', 4, '2019-05-13 15:15:26', '2019-05-13 15:15:26'),
(80, 88, 'Marcella Ryan Jr.', 'Hic dolore maiores omnis laboriosam totam. Qui eum et autem cupiditate et maxime et. Neque voluptas et minus at esse blanditiis. Sunt asperiores neque numquam illum neque voluptatem eos fuga. Odit occaecati mollitia animi similique est veniam.', 0, '2019-05-13 15:15:26', '2019-05-13 15:15:26'),
(81, 27, 'Quinten Schultz', 'Perferendis ea mollitia illum. Eius voluptatem ducimus culpa.', 2, '2019-05-13 15:15:26', '2019-05-13 15:15:26'),
(82, 70, 'Corine Kuhic PhD', 'Aliquid iusto repellendus velit doloribus esse. Voluptatem aliquam ullam amet quibusdam accusantium consectetur consectetur. Est eaque quisquam aspernatur sed deserunt rerum laboriosam. Nostrum numquam doloribus expedita.', 4, '2019-05-13 15:15:26', '2019-05-13 15:15:26'),
(83, 29, 'Verdie McKenzie', 'Iste pariatur cupiditate quo ut animi. Doloremque voluptatum quaerat est tenetur repudiandae in. Et dolores totam repudiandae consequatur beatae ea et eos.', 3, '2019-05-13 15:15:26', '2019-05-13 15:15:26'),
(84, 81, 'Miss Maybell Haag Sr.', 'Labore possimus saepe in cupiditate aliquam sed illum ut. Ab unde tenetur quasi alias enim. Eaque quo vitae at id unde harum fugiat laudantium.', 0, '2019-05-13 15:15:26', '2019-05-13 15:15:26'),
(85, 48, 'Justina Walter', 'Blanditiis rerum dolores odio nulla ab. Ipsa et rerum odio expedita et expedita. Ad libero quidem suscipit quasi corrupti dolore exercitationem.', 2, '2019-05-13 15:15:26', '2019-05-13 15:15:26'),
(86, 53, 'Ramona Kozey', 'Architecto enim commodi aut. Ipsum dignissimos ipsam dolore corporis. Recusandae itaque doloribus repellat qui non cumque provident aut.', 1, '2019-05-13 15:15:26', '2019-05-13 15:15:26'),
(87, 60, 'Urban Windler', 'Laboriosam aut omnis recusandae molestiae. Qui nobis laudantium quos deleniti voluptas vitae voluptas.', 4, '2019-05-13 15:15:26', '2019-05-13 15:15:26'),
(88, 57, 'Prof. Orval Koepp', 'Occaecati et adipisci quo. Doloribus corporis est blanditiis deserunt sint magnam. Cumque ut dolor eum ea dolorem quas modi vel. Ea praesentium impedit autem delectus sit.', 3, '2019-05-13 15:15:26', '2019-05-13 15:15:26'),
(89, 19, 'Curt Boyle', 'Illum amet earum molestiae quod consectetur rerum. Ut laborum autem voluptatum et eos. Non officia aliquam nostrum veniam.', 3, '2019-05-13 15:15:26', '2019-05-13 15:15:26'),
(90, 42, 'Akeem Langworth', 'Doloremque autem quia ad sint esse non. Voluptatem totam laboriosam tempore qui exercitationem sunt et. Numquam ut et quo. Dolor quos sed at ullam eos optio.', 0, '2019-05-13 15:15:26', '2019-05-13 15:15:26'),
(91, 13, 'Adah Gusikowski', 'Ut quia eligendi aut molestias corrupti quia. Sed a voluptatibus impedit corporis perspiciatis doloremque vero veritatis. Mollitia et quia optio aperiam sunt in nam. Delectus qui molestias corporis et sequi deserunt aut.', 4, '2019-05-13 15:15:26', '2019-05-13 15:15:26'),
(92, 22, 'Lawson Klocko IV', 'Eos sed iste veniam tempora eaque eveniet repellendus. Autem quo eos qui distinctio. Ipsam veniam voluptatibus soluta est sint hic ad debitis. Aut et vel enim placeat qui ipsa.', 3, '2019-05-13 15:15:26', '2019-05-13 15:15:26'),
(93, 37, 'Vivianne Turcotte', 'Assumenda est quod et aut. Dolorem voluptatem suscipit deleniti facere. Et temporibus iure rem maiores non aut sit. Magnam quia aut reiciendis reprehenderit dignissimos eaque et nostrum. Minus qui qui error aspernatur impedit.', 4, '2019-05-13 15:15:26', '2019-05-13 15:15:26'),
(94, 41, 'Kenny Bayer', 'Animi praesentium dignissimos autem. Incidunt deserunt et et cum ut et. Temporibus earum beatae ipsam qui sint et. Et sunt pariatur incidunt rerum quis reprehenderit.', 1, '2019-05-13 15:15:26', '2019-05-13 15:15:26'),
(95, 31, 'Blaise Kuhlman', 'Sit dolores impedit dolor quibusdam. Voluptatem dolore sint molestiae optio rem explicabo id. Vel sit deleniti omnis quos in quia eaque velit. Placeat voluptatem omnis sunt consequatur.', 5, '2019-05-13 15:15:26', '2019-05-13 15:15:26'),
(96, 13, 'Hilma Mitchell MD', 'Dolorum optio quaerat nam quo fuga nisi non. Ullam dolore amet neque et rerum qui atque. Ipsum quis incidunt harum velit iste.', 3, '2019-05-13 15:15:26', '2019-05-13 15:15:26'),
(97, 72, 'Prof. Eleanore Predovic Sr.', 'Dignissimos accusantium dolorum rerum recusandae non. Nobis dolor vel aliquid vitae provident qui. Ducimus accusantium aut iste expedita facilis.', 2, '2019-05-13 15:15:26', '2019-05-13 15:15:26'),
(98, 1, 'Kathryn Schulist', 'Qui eligendi qui quae accusantium ullam dolor. Nihil quaerat cumque voluptate sint. Sit cum aut incidunt pariatur commodi eum. Perferendis ipsa ipsam molestiae voluptas et voluptate quo.', 4, '2019-05-13 15:15:26', '2019-05-13 15:15:26'),
(99, 84, 'Prof. Caterina Frami Sr.', 'Et a dolorem laborum perspiciatis. Voluptas eum quis beatae delectus perferendis tempora cupiditate. Libero earum autem numquam. Dolores sint minima itaque nam voluptatem.', 4, '2019-05-13 15:15:26', '2019-05-13 15:15:26'),
(100, 11, 'Dwight Gottlieb', 'Rerum placeat dolore autem sit. Aut qui minima expedita quibusdam. Sit blanditiis facilis similique qui possimus sequi ut. Voluptatibus alias error enim quia excepturi et labore.', 2, '2019-05-13 15:15:26', '2019-05-13 15:15:26'),
(101, 31, 'Shyann Roberts', 'Aut accusamus qui tenetur in quidem. Quisquam consequatur est quis neque et et dolore quia. Dolores non accusantium eos ut qui dolore qui. Voluptatem veritatis ut alias illum inventore quia.', 5, '2019-05-13 15:15:26', '2019-05-13 15:15:26'),
(102, 18, 'Creola Mohr', 'Earum vel id perferendis et earum dolorem iure. Debitis aperiam nihil voluptatem deleniti quos. Laborum iste deserunt architecto ipsa et eum.', 4, '2019-05-13 15:15:26', '2019-05-13 15:15:26'),
(103, 18, 'Dr. Dominic Stehr', 'Qui dignissimos minima occaecati facilis. Consequuntur aut inventore occaecati voluptatem. Aut perspiciatis fugit exercitationem optio.', 2, '2019-05-13 15:15:26', '2019-05-13 15:15:26'),
(104, 29, 'Janis Gorczany', 'Vel aut atque voluptas et quis rem quis aliquid. Vero molestiae in neque non fugit. Consequatur rerum suscipit dolore quaerat optio. Mollitia facilis velit quis voluptatum rerum iure molestiae.', 3, '2019-05-13 15:15:26', '2019-05-13 15:15:26'),
(105, 1, 'Vicky Haley', 'Qui sint debitis velit ducimus qui. Quia ab voluptates itaque doloremque maxime temporibus dolores rerum. Officiis sint dolore omnis maiores repudiandae fuga. Vel eum consequuntur animi.', 1, '2019-05-13 15:15:26', '2019-05-13 15:15:26'),
(106, 49, 'Abdul Greenholt', 'Quod est laborum qui cumque qui nihil laborum. Sunt alias molestiae totam unde et aliquam. Consectetur quos et totam dolor. Atque cumque dolorem rerum est.', 4, '2019-05-13 15:15:26', '2019-05-13 15:15:26'),
(107, 12, 'Dr. Freeman Okuneva', 'Est molestiae doloremque quia nemo. Rerum ratione nisi facilis ut. Sequi est quas impedit illum quia. Quibusdam sit sequi aliquid quia blanditiis odit et.', 4, '2019-05-13 15:15:26', '2019-05-13 15:15:26'),
(108, 59, 'Mylene Deckow', 'Eum cum quam et enim fuga. In est maiores eos illo ullam quia sint aspernatur. Necessitatibus qui hic provident.', 3, '2019-05-13 15:15:26', '2019-05-13 15:15:26'),
(109, 92, 'Reina Mueller', 'Illum in dolores rerum provident culpa explicabo. Ratione expedita nihil vel et blanditiis et commodi. Repudiandae veniam consequatur aut dolorem omnis repellendus.', 4, '2019-05-13 15:15:26', '2019-05-13 15:15:26'),
(110, 33, 'Joaquin Legros', 'Suscipit cum natus ut nemo iste. Voluptatibus aliquid est ex deleniti ad error. Sit atque quia natus sed mollitia eos. Accusamus ut deserunt at atque id. At vel accusantium atque voluptas eligendi illum.', 0, '2019-05-13 15:15:26', '2019-05-13 15:15:26'),
(111, 52, 'Mr. Enrico Price II', 'Officiis esse non laudantium quos id occaecati. Exercitationem et id animi hic laudantium. Omnis alias sint aliquid doloribus assumenda.', 0, '2019-05-13 15:15:26', '2019-05-13 15:15:26'),
(112, 63, 'Hester Kessler', 'Ea consequatur dolor omnis ducimus id dicta dolorem maxime. Est hic soluta sit dicta quibusdam vero tempora.', 0, '2019-05-13 15:15:26', '2019-05-13 15:15:26'),
(113, 71, 'Dr. Quinton Bergnaum', 'Et voluptatem cupiditate est error laudantium assumenda ea quia. Consequuntur quibusdam tenetur debitis voluptatem eveniet reprehenderit. Voluptatem facilis magni molestiae qui architecto ex laudantium.', 2, '2019-05-13 15:15:26', '2019-05-13 15:15:26'),
(114, 26, 'Dr. Berta Leuschke III', 'Ab temporibus non aut et pariatur sed. Nobis praesentium iure et aut earum doloremque.', 4, '2019-05-13 15:15:26', '2019-05-13 15:15:26'),
(115, 54, 'Ms. Jane Klein DDS', 'Minus labore ex rerum dolorem aperiam maiores temporibus. Asperiores et delectus sit repellendus ut accusantium. Quibusdam eveniet quaerat numquam dolorum omnis.', 3, '2019-05-13 15:15:26', '2019-05-13 15:15:26'),
(116, 89, 'Mr. Myrl Weissnat DDS', 'Officia quo hic asperiores explicabo. Dolorem quod sint enim ipsum. Vel accusamus eos sequi quae. Quas voluptatem omnis velit.', 1, '2019-05-13 15:15:26', '2019-05-13 15:15:26'),
(117, 42, 'Prof. Chester Swaniawski', 'Cupiditate debitis blanditiis voluptatem laudantium debitis. Beatae similique veritatis debitis harum et. Distinctio culpa voluptas quae nobis sunt impedit sint. Quisquam doloremque ipsam ipsum dolore.', 3, '2019-05-13 15:15:26', '2019-05-13 15:15:26'),
(118, 84, 'Chyna Raynor', 'Ipsam eius et incidunt et excepturi et consectetur. Voluptatem blanditiis sed labore totam aut aspernatur. Voluptas et est voluptatem et quibusdam ex quisquam atque.', 0, '2019-05-13 15:15:26', '2019-05-13 15:15:26'),
(119, 74, 'Norene Roob', 'Illo ipsa laudantium nostrum neque quasi ut ab. Cupiditate quisquam distinctio natus laudantium pariatur qui ea enim. Dolor id accusantium maxime et dolorem totam occaecati dolores. Delectus velit quia unde corrupti inventore.', 1, '2019-05-13 15:15:26', '2019-05-13 15:15:26'),
(120, 54, 'Candice Cormier', 'Odio rem aut ut hic occaecati eum. Ad quibusdam in iure expedita magnam qui. Iste labore quod necessitatibus quo.', 4, '2019-05-13 15:15:26', '2019-05-13 15:15:26'),
(121, 15, 'Mrs. Rosa Orn DVM', 'Ipsa autem aspernatur molestiae voluptatum. Ut nihil laborum ea velit. Enim et qui ipsa dignissimos.', 4, '2019-05-13 15:15:26', '2019-05-13 15:15:26'),
(122, 29, 'Donny Cummerata', 'Autem reprehenderit qui et sapiente eius iure corrupti. Inventore harum aut aut ratione nostrum praesentium nemo. Sit repellat aliquid consequatur nisi beatae.', 0, '2019-05-13 15:15:26', '2019-05-13 15:15:26'),
(123, 44, 'Clementine Parker', 'Rerum eum consequatur quis corporis eos. Iure doloribus qui officia molestiae sit nisi quas recusandae. Corporis facilis rerum fuga perspiciatis ullam repellat ab. Dolor nihil et dolores est dolorum dignissimos est.', 5, '2019-05-13 15:15:26', '2019-05-13 15:15:26'),
(124, 48, 'Maye Nienow', 'Aut non rerum delectus quia non laudantium et. Maiores non numquam ipsa aliquid incidunt et. Placeat repellendus et autem sed eveniet veniam consectetur alias.', 1, '2019-05-13 15:15:26', '2019-05-13 15:15:26'),
(125, 35, 'Emil Hessel', 'Voluptatem ut ipsa quas. Id dignissimos perspiciatis a et et nemo. Architecto possimus debitis ratione vel natus error dolor. Quod quo iure sint quasi.', 3, '2019-05-13 15:15:26', '2019-05-13 15:15:26'),
(126, 68, 'Raheem Hane', 'Necessitatibus et animi atque eum adipisci eos. Nesciunt vel maiores ex. Autem sint et unde. Eius quaerat labore pariatur eveniet enim sit.', 3, '2019-05-13 15:15:26', '2019-05-13 15:15:26'),
(127, 67, 'Jayda Walter', 'Et aut amet et natus officiis omnis dolorem. Eligendi quisquam consequatur qui amet quae dolorem. Harum consequuntur totam id veniam doloribus quisquam. Odit tempore vero et perferendis.', 5, '2019-05-13 15:15:26', '2019-05-13 15:15:26'),
(128, 26, 'Prof. Eva O\'Conner', 'Dolores tempore minima est et. Qui asperiores at sit qui. Eum ut qui consectetur libero id praesentium voluptatibus.', 2, '2019-05-13 15:15:26', '2019-05-13 15:15:26'),
(129, 70, 'Lorenzo Batz', 'Optio aut qui minus sapiente ut vitae. Molestiae autem dolor sunt atque consequatur et tempore. Consequatur magnam facilis sed excepturi vero fuga praesentium quis. Et veniam distinctio unde.', 2, '2019-05-13 15:15:26', '2019-05-13 15:15:26'),
(130, 91, 'Brandon Price', 'Recusandae ducimus sint corporis hic. Corrupti occaecati rerum in doloribus et. Inventore voluptas dolor reprehenderit vel ullam maiores quidem. Sunt ab omnis ipsum qui odit asperiores.', 1, '2019-05-13 15:15:26', '2019-05-13 15:15:26'),
(131, 46, 'Maddison Sporer III', 'Et libero quidem impedit a tempore. Pariatur corporis magnam asperiores eos assumenda perspiciatis aut. Delectus dolorem quisquam suscipit mollitia saepe. Maxime totam sapiente accusantium debitis.', 0, '2019-05-13 15:15:26', '2019-05-13 15:15:26'),
(132, 23, 'Roselyn Nolan', 'Iusto mollitia quidem modi. Dolorum corrupti est occaecati et. Asperiores quia sed quia suscipit. Et omnis libero doloremque odio quo. Officiis aperiam aperiam exercitationem ipsa qui quae.', 3, '2019-05-13 15:15:26', '2019-05-13 15:15:26'),
(133, 78, 'Eli Goyette', 'Molestiae et odio dolor accusantium saepe aut officia. Et a laboriosam reprehenderit inventore. Dolores minima atque ad dolore quam.', 0, '2019-05-13 15:15:26', '2019-05-13 15:15:26'),
(134, 36, 'Kaelyn Jast', 'Et reprehenderit quis accusamus magni amet quaerat suscipit. Voluptas vitae soluta eos asperiores aut ipsa. Reiciendis facere odio minima porro deserunt expedita temporibus.', 3, '2019-05-13 15:15:26', '2019-05-13 15:15:26'),
(135, 27, 'Flossie Larkin', 'Cumque ipsa doloremque qui in. Dolore ullam totam provident dignissimos quisquam saepe. Ut voluptatibus quis omnis. Eos id minus quae autem in.', 0, '2019-05-13 15:15:26', '2019-05-13 15:15:26'),
(136, 58, 'Nigel Schultz', 'Perferendis ipsum veritatis odit eaque. Dignissimos quod voluptate et saepe voluptas. Rerum sit voluptas dolorum ipsum quidem itaque. Neque ad ratione occaecati aut consequatur.', 5, '2019-05-13 15:15:26', '2019-05-13 15:15:26'),
(137, 79, 'D\'angelo Rutherford', 'Sint ut aut recusandae et. Molestias non sed et dolores. Ut quibusdam et esse omnis ut. Fugiat officia vel accusantium facilis nisi veniam.', 1, '2019-05-13 15:15:26', '2019-05-13 15:15:26'),
(138, 96, 'Evan Schamberger', 'Impedit dolor totam cupiditate dolore delectus. Velit nobis vero quidem deleniti perspiciatis. Vero labore voluptas in impedit ut. Et eveniet harum veritatis vel incidunt.', 2, '2019-05-13 15:15:26', '2019-05-13 15:15:26'),
(139, 89, 'Savanah McCullough', 'Non autem cum reprehenderit eos. Iure tempore ipsam neque autem maiores. Eveniet tempore ducimus commodi aut voluptatem consequuntur.', 5, '2019-05-13 15:15:26', '2019-05-13 15:15:26'),
(140, 76, 'Jarred Emard', 'Aperiam adipisci provident laudantium nostrum modi. Maxime natus voluptas architecto similique qui qui. Libero sit hic dolor sed molestiae inventore facilis.', 4, '2019-05-13 15:15:26', '2019-05-13 15:15:26'),
(141, 89, 'Kaci Wisoky', 'Unde rem praesentium dolor. Voluptas sed aut reprehenderit voluptates. Atque incidunt est consequatur repellat exercitationem. Harum sed excepturi provident voluptatem distinctio. Ad sit quia quis et molestiae fugiat harum.', 4, '2019-05-13 15:15:26', '2019-05-13 15:15:26'),
(142, 55, 'Laura Murphy', 'Laborum minus sed dolorum totam vitae. Velit omnis at incidunt repellat. Natus nulla cum aut.', 0, '2019-05-13 15:15:26', '2019-05-13 15:15:26'),
(143, 75, 'Arlie Carroll', 'Id ea fugiat ipsam. Impedit libero soluta in sed nostrum. Ipsum a dolores fugiat aut dolorem. Nulla omnis et temporibus et est nulla neque.', 5, '2019-05-13 15:15:26', '2019-05-13 15:15:26'),
(144, 82, 'Herminia Strosin', 'Voluptatem ipsam veniam in vel accusantium. Voluptatum ea iusto rerum alias minima occaecati quas. Corrupti numquam in doloribus illum.', 5, '2019-05-13 15:15:26', '2019-05-13 15:15:26'),
(145, 63, 'Hyman Torp III', 'Est necessitatibus officiis et praesentium. Perferendis et ut vel ipsa. Commodi aperiam eos nobis est.', 0, '2019-05-13 15:15:26', '2019-05-13 15:15:26'),
(146, 32, 'Alvah Towne IV', 'Eum voluptas laborum quas nesciunt neque. Accusamus occaecati alias id accusantium vel molestias iure. Ab repellat et alias accusamus autem et.', 0, '2019-05-13 15:15:26', '2019-05-13 15:15:26'),
(147, 76, 'Christy Zemlak', 'Enim et ut adipisci delectus nam veritatis aut. Ducimus est atque enim est quaerat. Nemo ut quia adipisci nemo. Itaque reprehenderit ea ipsam.', 1, '2019-05-13 15:15:26', '2019-05-13 15:15:26'),
(148, 57, 'Annabelle Cronin', 'Facere aliquam aut maiores asperiores ea omnis recusandae. Impedit eum ea culpa mollitia inventore ea eveniet. Vitae sit nobis deserunt nesciunt est.', 0, '2019-05-13 15:15:26', '2019-05-13 15:15:26'),
(149, 92, 'Felix Reynolds', 'Eveniet expedita perspiciatis ad consectetur. Est est quas ex quam quo velit. Praesentium culpa consequatur reiciendis sint. Voluptatibus modi quis qui cupiditate qui quia.', 1, '2019-05-13 15:15:26', '2019-05-13 15:15:26'),
(150, 78, 'Prof. Brady Purdy', 'Rerum illum laudantium ea quos. Non rerum voluptatum quidem cum suscipit. Architecto et error recusandae explicabo. Sunt a accusamus odit iste.', 0, '2019-05-13 15:15:26', '2019-05-13 15:15:26'),
(151, 50, 'Robin Wiegand', 'Eligendi voluptatem laboriosam quis at qui asperiores consequuntur. Asperiores tempora cumque laborum debitis doloribus expedita. Sed in dolore sit labore repellendus dicta non.', 1, '2019-05-13 15:15:26', '2019-05-13 15:15:26'),
(152, 1, 'Jaleel Deckow', 'Ut commodi velit natus quia. Ut vel et facilis a provident quia. Ut a aspernatur velit in sit ut non. Quaerat est voluptas natus dolores esse tempora enim sed.', 5, '2019-05-13 15:15:26', '2019-05-13 15:15:26'),
(153, 47, 'Trevor Rutherford', 'Voluptas asperiores quae qui in delectus rerum laborum. Est soluta amet sit aut in quidem. Tempore qui qui laborum eos officiis. Ad cum alias similique soluta dolores.', 5, '2019-05-13 15:15:26', '2019-05-13 15:15:26'),
(154, 75, 'Cheyenne Harber', 'Laboriosam saepe quia qui quidem neque aut. Repellat eum amet fugit amet eligendi maxime harum consequatur.', 2, '2019-05-13 15:15:26', '2019-05-13 15:15:26'),
(155, 42, 'Baron Padberg MD', 'Voluptates aspernatur maxime numquam laborum rem. Ea excepturi eius fugiat tempore perferendis non molestias sequi. Eum reiciendis dicta officia rerum. Accusamus vel ipsum tenetur ullam sed sequi. Aliquam eum quas ad neque quam eos cum.', 0, '2019-05-13 15:15:26', '2019-05-13 15:15:26'),
(156, 98, 'Gerald Bosco', 'Dolores suscipit consequatur commodi et. Odit quidem ut qui veritatis consequatur. Quos temporibus voluptates iure veritatis esse quaerat. Nihil aut ratione dolorem est sint.', 2, '2019-05-13 15:15:26', '2019-05-13 15:15:26'),
(157, 77, 'Elza Rutherford III', 'Illum animi nobis reiciendis aliquid consequatur et. Totam ad rem quo molestiae. Ullam necessitatibus nihil alias rerum aperiam similique reprehenderit ut. Et recusandae minima nemo quo. Cum molestias qui nam velit natus quis et sunt.', 2, '2019-05-13 15:15:26', '2019-05-13 15:15:26'),
(158, 23, 'Keagan Kris', 'Vel cumque rerum praesentium eligendi et officia aliquam. Nisi harum officiis nihil omnis autem voluptate et. Maiores eum at voluptas dolorem et. Consectetur provident aut laborum quis vitae.', 5, '2019-05-13 15:15:26', '2019-05-13 15:15:26'),
(159, 34, 'Lera Wuckert II', 'Ipsam magni officia facilis quis placeat ipsam. Itaque reiciendis aut soluta nam fugiat. Tenetur sit aut error iste. Sed rem voluptatem a repudiandae. Aut laudantium ut eos sed id exercitationem qui.', 2, '2019-05-13 15:15:26', '2019-05-13 15:15:26'),
(160, 56, 'Savannah Haag', 'Rerum quos tenetur qui aperiam nulla commodi deleniti. Non repellat illo dolorem magni autem qui sit. Earum et consectetur sed velit.', 5, '2019-05-13 15:15:26', '2019-05-13 15:15:26'),
(161, 34, 'Doris Weimann IV', 'Hic sint exercitationem adipisci officiis exercitationem alias tenetur. Suscipit necessitatibus dolorum temporibus hic architecto ipsum. Sed amet nihil excepturi. Hic voluptatem tempore soluta officia eum nemo aut.', 5, '2019-05-13 15:15:26', '2019-05-13 15:15:26'),
(162, 83, 'Letitia Zboncak', 'Nobis nemo sapiente repellat impedit sed. Rem enim quo autem quam inventore illum voluptatem.', 3, '2019-05-13 15:15:26', '2019-05-13 15:15:26'),
(163, 16, 'Randi Rosenbaum', 'Similique quidem dolore voluptatibus adipisci dolorem ipsa aut quo. Molestias id laborum aut ipsam non tenetur. Animi et nemo consequuntur voluptatem. Vel labore sunt minima.', 2, '2019-05-13 15:15:26', '2019-05-13 15:15:26'),
(164, 51, 'Yoshiko Brekke II', 'Odio a sed exercitationem quo temporibus ut alias. Unde temporibus quisquam minima excepturi expedita facere culpa maiores. Ad provident non dicta placeat qui.', 3, '2019-05-13 15:15:26', '2019-05-13 15:15:26'),
(165, 72, 'Megane Powlowski DVM', 'Aspernatur iusto commodi deserunt. Vitae autem ea occaecati doloribus voluptatem dolores numquam. Explicabo fuga quo amet. Veritatis enim quae ipsa.', 4, '2019-05-13 15:15:26', '2019-05-13 15:15:26'),
(166, 78, 'Dr. Gianni Marvin', 'Est sit unde iure dolorum. Nulla ut exercitationem magni at rerum architecto quasi. Eveniet rerum perferendis ut sit.', 5, '2019-05-13 15:15:26', '2019-05-13 15:15:26'),
(167, 35, 'Hershel Kerluke', 'Id rerum omnis dolorum nobis. Aut labore aut quasi in nulla enim. Laborum consequatur quis vero quaerat illo. Voluptas beatae aut alias aut ducimus.', 2, '2019-05-13 15:15:26', '2019-05-13 15:15:26'),
(168, 88, 'Junior Marquardt DVM', 'Omnis et reprehenderit sunt aliquam id. Tempora ipsum id veritatis eveniet autem nulla. Tempora aut sed animi ipsam cumque molestias ad.', 4, '2019-05-13 15:15:26', '2019-05-13 15:15:26'),
(169, 20, 'Rafael Emard', 'Illum hic qui consectetur sit. Assumenda accusamus culpa quas animi deleniti esse. Aut odio nihil velit ut sunt et doloremque voluptates.', 3, '2019-05-13 15:15:26', '2019-05-13 15:15:26'),
(170, 74, 'Bradford Stiedemann IV', 'Sed id iste voluptas nam voluptatem. Consequatur quia quis voluptas dolorum.', 4, '2019-05-13 15:15:26', '2019-05-13 15:15:26'),
(171, 34, 'Karl Hansen', 'Omnis aut ut aut suscipit dolorem corrupti. Sequi qui ut quia. Ab ut et iusto quod est quia. Sit quis alias sequi voluptas.', 3, '2019-05-13 15:15:26', '2019-05-13 15:15:26'),
(172, 1, 'Reginald Hartmann', 'Autem est laudantium ut. Atque aut quia quo. Inventore labore ea accusantium fuga quibusdam. Molestiae dolorem rem temporibus.', 1, '2019-05-13 15:15:26', '2019-05-13 15:15:26'),
(173, 24, 'Chester Ullrich V', 'Repudiandae ea eum eveniet ut sunt fugiat repudiandae. Deleniti laborum minus molestiae voluptas inventore. Aut vitae totam voluptate iste ea et molestiae. Iusto rerum commodi omnis veniam corporis id sed.', 4, '2019-05-13 15:15:26', '2019-05-13 15:15:26'),
(174, 42, 'Marcelino Johns', 'Illo numquam nihil delectus ullam. Perferendis placeat harum earum ut dignissimos dolore.', 5, '2019-05-13 15:15:26', '2019-05-13 15:15:26'),
(175, 40, 'Boris Steuber', 'Nulla sunt magni tempore. Dolorem quos voluptatem vitae aut autem officia deserunt. Est et ut qui.', 2, '2019-05-13 15:15:26', '2019-05-13 15:15:26'),
(176, 39, 'Weston Doyle', 'Et omnis voluptas nobis. Velit sit eum pariatur debitis possimus laboriosam magni dignissimos. Rerum iste sunt excepturi repudiandae non repudiandae minima.', 0, '2019-05-13 15:15:26', '2019-05-13 15:15:26'),
(177, 72, 'Mrs. Judy Nienow Sr.', 'Maxime iste est fugiat praesentium enim. Alias tenetur quasi aperiam fuga molestiae a ut. Dolor cupiditate id nemo dolor sed. Sequi enim cupiditate ea aliquam autem.', 0, '2019-05-13 15:15:26', '2019-05-13 15:15:26'),
(178, 96, 'Alexandria Hand', 'Similique enim quia beatae ut rerum. Aspernatur repellat aut nesciunt optio. Non incidunt placeat illo rerum iure.', 4, '2019-05-13 15:15:26', '2019-05-13 15:15:26'),
(179, 70, 'Ottilie Rosenbaum', 'Magnam nesciunt nulla dolorem eaque quia quo nihil provident. Sed et sequi consequatur accusamus ea. Occaecati iusto quos dolorum accusantium. Qui est dolor quo cum voluptas reprehenderit pariatur officia.', 1, '2019-05-13 15:15:26', '2019-05-13 15:15:26'),
(180, 82, 'Penelope Jaskolski IV', 'Qui libero tenetur voluptas pariatur. Optio debitis dolor voluptatibus nobis.', 5, '2019-05-13 15:15:26', '2019-05-13 15:15:26'),
(181, 86, 'Mrs. Rosalee Runolfsson Sr.', 'Minus ipsam labore ullam deleniti veritatis. Itaque dolore suscipit quos minus minima. Culpa delectus vel sit qui. Non dolor eveniet officiis fugit velit nihil et.', 3, '2019-05-13 15:15:26', '2019-05-13 15:15:26'),
(182, 34, 'Prof. Sanford Emmerich II', 'Libero neque facere unde veritatis aut. Veniam sed animi est.', 5, '2019-05-13 15:15:26', '2019-05-13 15:15:26'),
(183, 29, 'Carissa Moen', 'Velit a minima ad omnis perferendis. Voluptas cum aliquid vitae rerum ea tenetur rerum. Quam qui dolores et accusantium qui sed quas. Commodi qui suscipit quia sint consequuntur totam mollitia porro.', 3, '2019-05-13 15:15:26', '2019-05-13 15:15:26'),
(184, 25, 'Darwin Becker', 'Vero consequatur id veniam. Nulla a et qui dolores. Atque rerum et dolorum repudiandae possimus.', 5, '2019-05-13 15:15:26', '2019-05-13 15:15:26'),
(185, 88, 'Melany McLaughlin', 'Culpa sed id natus incidunt tempore et. Qui ut architecto in aspernatur dolorem exercitationem sunt. Est ipsa explicabo et adipisci libero deleniti earum. Animi voluptas velit natus voluptates nam.', 0, '2019-05-13 15:15:26', '2019-05-13 15:15:26'),
(186, 60, 'Claud Turner', 'Culpa consequuntur odit quis dolores unde aut eos. Tempore ut voluptatum tempore mollitia. Ut in velit in aspernatur omnis. Earum voluptatem eius placeat harum optio.', 1, '2019-05-13 15:15:26', '2019-05-13 15:15:26'),
(187, 93, 'Prof. Cecil Flatley III', 'Illum expedita tempora id laborum molestiae. Maxime suscipit quae incidunt nisi aliquid.', 0, '2019-05-13 15:15:26', '2019-05-13 15:15:26'),
(188, 37, 'Fern Eichmann', 'Expedita accusamus nihil magnam aspernatur expedita. Facere iure ullam modi ut cum ut. Velit ea dolores optio iusto quod neque. Sed quos delectus nostrum non minus et placeat ratione.', 2, '2019-05-13 15:15:26', '2019-05-13 15:15:26'),
(189, 78, 'Griffin Bernhard', 'Fuga quibusdam recusandae nesciunt voluptatem et vel et. Excepturi commodi dolorem est cupiditate. Asperiores iusto quibusdam illum libero.', 1, '2019-05-13 15:15:26', '2019-05-13 15:15:26'),
(190, 51, 'Nyah Nikolaus', 'Error deleniti asperiores vel et officia dolor. Nesciunt rerum quo fuga illo itaque. Quia cum officiis veritatis praesentium. Facere possimus magnam ad voluptatem consectetur aut blanditiis.', 3, '2019-05-13 15:15:26', '2019-05-13 15:15:26'),
(191, 28, 'Prof. Zachery Stoltenberg', 'Non autem ut laudantium distinctio iure odio. Voluptates dicta asperiores cupiditate totam at sed esse. Nobis ut ad molestiae rerum debitis autem. Aut fugiat quaerat corporis impedit.', 0, '2019-05-13 15:15:26', '2019-05-13 15:15:26'),
(192, 75, 'Dr. Murray Ferry', 'Recusandae repellat eveniet maiores aspernatur. Quis est nihil esse non ducimus perferendis. Excepturi nihil consequatur dolor quaerat dolores. Provident animi fuga distinctio impedit et blanditiis.', 2, '2019-05-13 15:15:26', '2019-05-13 15:15:26'),
(193, 51, 'Elva Halvorson', 'Laborum sint corrupti neque ut suscipit. Laboriosam excepturi quia doloremque temporibus qui. Et vel similique ut ut quia sint commodi. Aliquid reiciendis aut sint aperiam corporis nobis.', 3, '2019-05-13 15:15:26', '2019-05-13 15:15:26'),
(194, 24, 'Dr. Clementina Watsica IV', 'Possimus reiciendis nam nam explicabo dolores. Reprehenderit quam dolore facere tempore assumenda. Ipsum delectus illo dolorem est.', 3, '2019-05-13 15:15:26', '2019-05-13 15:15:26'),
(195, 27, 'Kevin Price', 'Eaque dolores perferendis rem voluptatibus tempora. Nihil voluptatem voluptatem atque ut rerum qui. Ut est accusantium est eaque eaque perferendis. Et iusto ex vitae ut voluptatem veritatis voluptatem.', 2, '2019-05-13 15:15:26', '2019-05-13 15:15:26'),
(196, 80, 'Katlyn Berge', 'Nisi ratione est vel dolorem dolore. Libero et dolor iure vero doloremque sit harum. Sequi excepturi qui autem autem aut labore. Corrupti laboriosam et maiores reiciendis nihil.', 2, '2019-05-13 15:15:26', '2019-05-13 15:15:26'),
(197, 52, 'Ebba Volkman', 'Assumenda consequatur deleniti necessitatibus rerum rerum. Aperiam totam voluptas perferendis fugiat.', 0, '2019-05-13 15:15:26', '2019-05-13 15:15:26'),
(198, 79, 'Robb Bogan', 'Aut et asperiores suscipit quidem laboriosam tempora minima. Sed incidunt ut enim unde consequatur molestiae vel. Tempora deleniti quaerat perferendis.', 5, '2019-05-13 15:15:26', '2019-05-13 15:15:26'),
(199, 96, 'Mable Wolff', 'Adipisci itaque in id fuga ullam quos non. Ab quo temporibus veritatis. Dolores provident fuga enim a.', 1, '2019-05-13 15:15:26', '2019-05-13 15:15:26'),
(200, 42, 'Prof. Miracle Ruecker Sr.', 'Neque veritatis repellendus modi maxime quisquam. Magnam laboriosam consectetur eos exercitationem sequi voluptatum. Voluptatum magnam natus et numquam est sed. Reiciendis quam sed consequuntur esse aut iste. Accusamus recusandae cupiditate ut.', 2, '2019-05-13 15:15:26', '2019-05-13 15:15:26'),
(201, 85, 'Mariah Jaskolski', 'Esse maxime ut occaecati dolorem voluptate aut. Blanditiis ipsam et et praesentium ipsum vitae quo. Facere alias fugit dignissimos quo similique. Natus vero asperiores sint et accusantium.', 3, '2019-05-13 15:15:26', '2019-05-13 15:15:26'),
(202, 97, 'Prof. Estelle Gutkowski', 'Tempora consequatur aut porro dolores est magni voluptatum. Occaecati cumque atque nostrum et minima fuga ut. Quam ullam sit eos asperiores eligendi. Quia quidem dolor facilis eaque.', 0, '2019-05-13 15:15:26', '2019-05-13 15:15:26'),
(203, 31, 'Lue Crooks PhD', 'Commodi distinctio eos rerum quasi expedita nesciunt est. Aut eos et voluptatibus magnam et eos facere. Numquam atque qui blanditiis maxime ipsam.', 3, '2019-05-13 15:15:26', '2019-05-13 15:15:26'),
(204, 57, 'Alicia Deckow', 'Et sit quos est. Omnis soluta porro hic doloremque tenetur. Iure omnis itaque quisquam corporis voluptatibus est voluptas qui. Quaerat sunt consectetur assumenda ad ducimus.', 4, '2019-05-13 15:15:26', '2019-05-13 15:15:26'),
(205, 28, 'Brionna Stokes', 'Aut recusandae placeat praesentium labore adipisci fuga omnis ad. Voluptates consequatur at facere dolorem assumenda pariatur. Aut aliquid repellendus similique vel quae.', 5, '2019-05-13 15:15:26', '2019-05-13 15:15:26'),
(206, 18, 'Conor Oberbrunner', 'Quas inventore repellendus itaque quo ea. Numquam et accusantium maxime. Et aliquid dolor aliquam voluptas sint aut. Tempore ea soluta neque.', 1, '2019-05-13 15:15:26', '2019-05-13 15:15:26'),
(207, 56, 'Della Runolfsson', 'Molestiae a et ut totam tempora. Vel fugit minima ab libero labore. Voluptas eligendi perferendis est accusamus fugiat aliquid.', 3, '2019-05-13 15:15:26', '2019-05-13 15:15:26'),
(208, 89, 'Reanna Macejkovic', 'Dicta ea eligendi veritatis saepe. Fuga nam dolor et aut autem unde. Dolorum iure nostrum illum illo vero natus.', 2, '2019-05-13 15:15:26', '2019-05-13 15:15:26'),
(209, 98, 'Emilie Haley', 'At repellendus quibusdam voluptas omnis maxime enim et. Ut repellat fuga quo ad ea ex itaque. Qui maxime voluptate repellendus repudiandae. Rem dolore nobis laboriosam culpa dolorum et.', 4, '2019-05-13 15:15:26', '2019-05-13 15:15:26');
INSERT INTO `reviews` (`id`, `product_id`, `customer`, `review`, `star`, `created_at`, `updated_at`) VALUES
(210, 39, 'Armand Pfannerstill', 'Amet est quis possimus nam. Maiores enim labore quisquam sit adipisci quibusdam omnis. Cumque eligendi quod corporis. Est animi voluptatibus rerum et maiores. Aperiam accusantium ad asperiores et fugiat.', 3, '2019-05-13 15:15:26', '2019-05-13 15:15:26'),
(211, 40, 'Eveline Considine', 'Modi ut repellendus dolorem tenetur distinctio ut molestiae debitis. Eum error consequatur deleniti esse vero enim.', 1, '2019-05-13 15:15:26', '2019-05-13 15:15:26'),
(212, 88, 'Wallace O\'Hara I', 'Inventore voluptate consequatur reprehenderit. Rerum vitae quis sint earum numquam incidunt laudantium. Eum ut odit consectetur laboriosam voluptatem ut voluptatibus.', 2, '2019-05-13 15:15:26', '2019-05-13 15:15:26'),
(213, 59, 'Dr. Skye O\'Reilly III', 'Ea id est et dignissimos et beatae. Culpa provident similique iste iste. Recusandae praesentium nemo mollitia sed.', 4, '2019-05-13 15:15:26', '2019-05-13 15:15:26'),
(214, 86, 'Hilbert Jast', 'Molestias accusantium enim officia. Sed voluptas atque ut omnis recusandae. Esse vel facilis hic fugit perferendis maxime.', 4, '2019-05-13 15:15:26', '2019-05-13 15:15:26'),
(215, 60, 'Isabella Bernhard', 'Nihil ea fugit consectetur minima voluptate qui. Saepe pariatur cumque impedit et. At distinctio repellat fugit ut ex minus aut.', 1, '2019-05-13 15:15:26', '2019-05-13 15:15:26'),
(216, 42, 'Loyal Tromp', 'Distinctio corporis quasi quis qui. Velit est tempore quaerat minima sed deserunt. Dolore magnam voluptatem rerum.', 3, '2019-05-13 15:15:26', '2019-05-13 15:15:26'),
(217, 72, 'Tyrel Hand', 'Quia vitae et porro aspernatur perspiciatis. Iusto voluptas neque laboriosam modi maxime. Nostrum voluptas ipsa et id reiciendis autem. Possimus cumque magni qui distinctio neque libero accusamus ut.', 3, '2019-05-13 15:15:26', '2019-05-13 15:15:26'),
(218, 99, 'Georgianna Gerlach', 'Quo aspernatur amet eligendi magni. Quas omnis possimus tempora occaecati. Sed explicabo ipsum totam est.', 5, '2019-05-13 15:15:26', '2019-05-13 15:15:26'),
(219, 42, 'Maryam Koelpin', 'Alias animi voluptate quis quo. Quia blanditiis et eligendi qui officia vel.', 2, '2019-05-13 15:15:26', '2019-05-13 15:15:26'),
(220, 99, 'Mr. Nicolas Luettgen', 'Blanditiis eum enim qui quidem atque. Reprehenderit laudantium earum quasi harum delectus ut. Fuga quas suscipit delectus est. Accusantium ea est itaque aliquam vero.', 3, '2019-05-13 15:15:26', '2019-05-13 15:15:26'),
(221, 23, 'Mrs. Myrtie Ondricka', 'Rerum velit laudantium velit pariatur aspernatur. Perferendis similique id vitae. Fugiat aspernatur rerum consectetur.', 1, '2019-05-13 15:15:26', '2019-05-13 15:15:26'),
(222, 43, 'Lou Larkin', 'Velit omnis harum aut eveniet nostrum natus. Et rerum voluptas voluptatem quaerat consequatur laboriosam. Aspernatur at sequi consequatur dolor quia.', 2, '2019-05-13 15:15:26', '2019-05-13 15:15:26'),
(223, 58, 'Lottie Swaniawski', 'Odit vel incidunt quia soluta. Illo laudantium et magnam aut aliquid soluta. Praesentium et et labore voluptates incidunt quae. Quas expedita hic voluptate nulla. Labore necessitatibus praesentium qui ut voluptas quas.', 5, '2019-05-13 15:15:26', '2019-05-13 15:15:26'),
(224, 40, 'Gabe Heathcote', 'At aut temporibus error qui. Debitis iusto nobis consectetur aut cumque eius. Et sunt quibusdam autem dolore. Qui voluptate quo dolor est non consequatur a.', 0, '2019-05-13 15:15:26', '2019-05-13 15:15:26'),
(225, 79, 'Rosalyn Kreiger', 'Sit aut aut sequi molestiae facilis. Earum doloremque reiciendis voluptas nobis eius molestias non iusto. Iusto quia odit ea fuga sit consectetur.', 4, '2019-05-13 15:15:26', '2019-05-13 15:15:26'),
(226, 21, 'Anastacio Koelpin', 'Voluptatum autem ducimus accusamus possimus est assumenda. Eaque voluptas impedit consequatur qui sunt. Repellendus odit ipsa non tempora dolorum assumenda magni. Aut sunt sint est harum est quaerat asperiores.', 2, '2019-05-13 15:15:26', '2019-05-13 15:15:26'),
(227, 56, 'Abigale Spinka II', 'Tempore quas omnis ratione velit et. Iusto maxime ab ut aperiam. Minus velit laudantium maiores. Natus qui voluptatem quia dignissimos aut aliquam quas.', 3, '2019-05-13 15:15:26', '2019-05-13 15:15:26'),
(228, 72, 'Ruby Oberbrunner', 'Est dolor nobis corporis labore. Facere expedita est ut dolorem temporibus voluptas. Voluptatem accusantium est id cupiditate culpa similique omnis. Adipisci accusamus in quos quam amet repellendus.', 1, '2019-05-13 15:15:26', '2019-05-13 15:15:26'),
(229, 76, 'Benjamin Koelpin I', 'Unde sunt distinctio voluptatem alias. Quia optio ducimus sunt modi qui. Animi ipsa est provident facilis consequatur est.', 2, '2019-05-13 15:15:26', '2019-05-13 15:15:26'),
(230, 59, 'Linnie Simonis', 'Velit neque officiis soluta voluptas non expedita perferendis tempora. Recusandae similique et consectetur qui. Consequatur et reprehenderit doloremque omnis accusantium.', 0, '2019-05-13 15:15:26', '2019-05-13 15:15:26'),
(231, 67, 'Ms. Meagan Carter IV', 'Alias est quod dolores quo placeat iste. Inventore eos omnis velit placeat consequatur voluptas omnis. Rerum numquam voluptate tenetur dicta ut voluptatum est. Iure quasi explicabo fugit aut sit quam.', 4, '2019-05-13 15:15:26', '2019-05-13 15:15:26'),
(232, 54, 'Ms. Flo Bosco II', 'Quasi dolorum dolor possimus et fugiat quae ut. Debitis omnis voluptas officia beatae illo sit.', 4, '2019-05-13 15:15:26', '2019-05-13 15:15:26'),
(233, 54, 'Flossie Lowe', 'Laudantium error debitis voluptatum minus cumque aliquam. Voluptatem cumque numquam odit quam qui qui similique. Sed quas animi quia cumque temporibus praesentium et.', 0, '2019-05-13 15:15:26', '2019-05-13 15:15:26'),
(234, 79, 'Zelda West', 'Ullam occaecati inventore distinctio porro vel iusto. Magni tempora esse et quia. Dolores sint dicta sunt ut molestiae asperiores consequuntur autem.', 0, '2019-05-13 15:15:26', '2019-05-13 15:15:26'),
(235, 39, 'Mariano Kuvalis II', 'Enim quam fugiat sed nobis inventore velit similique. Eaque et illo repudiandae. Facilis consequuntur totam dolorum.', 5, '2019-05-13 15:15:26', '2019-05-13 15:15:26'),
(236, 91, 'Virginie Runolfsson PhD', 'Sapiente corporis distinctio dolor voluptatum ut atque consequatur. Consectetur optio iusto sed perferendis voluptas. Qui rerum cupiditate non repellat nam voluptas et tempora.', 3, '2019-05-13 15:15:26', '2019-05-13 15:15:26'),
(237, 70, 'Oceane Marquardt', 'Odit exercitationem voluptatum qui sit voluptatem. Velit soluta deserunt dicta est temporibus nemo culpa facere. Deserunt sunt cupiditate rerum fuga eligendi minima sapiente. Qui rem tenetur sunt ducimus a.', 1, '2019-05-13 15:15:26', '2019-05-13 15:15:26'),
(238, 43, 'Rosalee Hahn II', 'Est esse quae odio consequatur voluptas. Labore reprehenderit blanditiis sit tempora qui rerum ut aperiam. Fugiat aut et quibusdam iure fugit nulla autem error. Ducimus porro in adipisci unde nostrum cupiditate.', 5, '2019-05-13 15:15:26', '2019-05-13 15:15:26'),
(239, 23, 'Joelle Kunde', 'Reiciendis ut tempora qui suscipit et. Ad laborum est nisi fugiat eius et id. Autem vitae nobis saepe quam ex. Quisquam aliquid rerum in ipsa.', 5, '2019-05-13 15:15:26', '2019-05-13 15:15:26'),
(240, 19, 'Khalid Barrows', 'Sed quia quisquam exercitationem nisi deleniti veniam. Voluptatibus qui quos doloremque velit natus ea sequi. Praesentium quia tempora numquam eveniet sint voluptatem vitae. Cupiditate officia adipisci aut delectus a qui.', 2, '2019-05-13 15:15:26', '2019-05-13 15:15:26'),
(241, 97, 'Kenneth Altenwerth', 'Tenetur magnam dolores recusandae qui sequi. Quisquam aut veniam praesentium qui omnis occaecati. Iste asperiores sit non facilis corrupti. Et quis eveniet cupiditate et ut.', 0, '2019-05-13 15:15:26', '2019-05-13 15:15:26'),
(242, 12, 'Ms. Vanessa Rutherford PhD', 'Natus et est labore. Aspernatur aut aut debitis ea cum itaque. Ut voluptates sequi accusantium.', 1, '2019-05-13 15:15:26', '2019-05-13 15:15:26'),
(243, 11, 'Berenice Kemmer MD', 'Dolor illum alias ex adipisci eaque. Blanditiis eaque pariatur a. Aliquam quia earum beatae sapiente.', 2, '2019-05-13 15:15:26', '2019-05-13 15:15:26'),
(244, 91, 'Prof. Alessandro Fadel', 'Consequatur aliquam dolores est omnis. Velit nam placeat dolorem consequatur in recusandae. Consequatur dolores iure aliquam qui esse vel.', 5, '2019-05-13 15:15:26', '2019-05-13 15:15:26'),
(245, 35, 'Prof. Jerome Kiehn', 'Et quasi et possimus molestias aut possimus ab aut. Et distinctio delectus et quidem dolores. Tempore aliquam itaque porro suscipit.', 0, '2019-05-13 15:15:26', '2019-05-13 15:15:26'),
(246, 21, 'Guy Stokes', 'Iure non quae qui. Officiis qui aliquam nihil vero corporis est omnis. Accusamus id velit sunt aut. Labore ut ut similique qui magni.', 3, '2019-05-13 15:15:26', '2019-05-13 15:15:26'),
(247, 36, 'Linda Miller', 'Ex quia at voluptatem et iusto. Animi totam eius perferendis. Non recusandae quas placeat itaque maxime.', 5, '2019-05-13 15:15:26', '2019-05-13 15:15:26'),
(248, 30, 'Mrs. Whitney Gleason', 'Doloremque architecto quod aut in nemo enim reiciendis. Animi unde nihil id reprehenderit vel ut. Omnis porro ea ea asperiores ut. Harum quibusdam aut rerum rerum quaerat fugiat ducimus.', 4, '2019-05-13 15:15:26', '2019-05-13 15:15:26'),
(249, 8, 'Pamela Wolf', 'Voluptatem ut soluta consequuntur quo. Quidem fugit nulla non. Distinctio nihil debitis at quia aliquid beatae dignissimos quo.', 0, '2019-05-13 15:15:26', '2019-05-13 15:15:26'),
(250, 14, 'Jermain Wintheiser DVM', 'Dolor laudantium aut dicta adipisci qui aspernatur sit voluptas. Nam odit deserunt voluptate labore doloribus.', 5, '2019-05-13 15:15:26', '2019-05-13 15:15:26'),
(251, 78, 'Mattie Reinger', 'Provident repudiandae quo iure in consequatur ipsa. Excepturi ut sapiente corporis accusamus quaerat cumque blanditiis. Sit soluta qui cum architecto itaque.', 1, '2019-05-13 15:15:26', '2019-05-13 15:15:26'),
(252, 27, 'Mr. Garfield Spinka DVM', 'Eos id expedita non consequatur. Velit ut saepe sit ex pariatur consequatur deserunt. Fugit quo quod et eligendi.', 1, '2019-05-13 15:15:26', '2019-05-13 15:15:26'),
(253, 54, 'Odell White', 'Nemo provident vel quisquam eligendi. Magnam nam eos maxime aut vel.', 5, '2019-05-13 15:15:26', '2019-05-13 15:15:26'),
(254, 6, 'Dr. Oleta Sawayn', 'Nostrum explicabo et ut. Sed optio delectus repudiandae laborum corrupti veritatis officiis. Consectetur voluptatibus fuga quo qui. Quia amet quod fuga.', 2, '2019-05-13 15:15:26', '2019-05-13 15:15:26'),
(255, 7, 'Prof. Francisco Lakin DVM', 'Temporibus cum recusandae molestiae ea nobis quae. Eveniet veritatis ut ad molestias rem adipisci praesentium. Ipsam alias optio quae ipsam consequatur. Iure in fuga tempore aut cumque aliquam.', 0, '2019-05-13 15:15:26', '2019-05-13 15:15:26'),
(256, 82, 'Alessia Effertz', 'Recusandae error in a ipsum molestiae. Soluta aut temporibus natus deserunt quae necessitatibus. Dignissimos eos totam quos laboriosam explicabo. Incidunt accusamus sed ab nulla odit facilis in.', 5, '2019-05-13 15:15:26', '2019-05-13 15:15:26'),
(257, 17, 'Laverna Braun I', 'Quia explicabo ut ut excepturi ipsam ad vitae. Asperiores id tempore saepe. Quisquam voluptate et qui rerum qui sit. Labore impedit quis earum non voluptatem.', 2, '2019-05-13 15:15:26', '2019-05-13 15:15:26'),
(258, 9, 'Eugenia Gerlach', 'Et qui sapiente officia minus amet dolorem. Doloremque ullam mollitia delectus velit rerum. Quis sit eligendi totam porro quam.', 3, '2019-05-13 15:15:26', '2019-05-13 15:15:26'),
(259, 55, 'Brody Simonis', 'Mollitia velit ipsam alias rerum. Amet repellendus cumque explicabo cupiditate mollitia commodi qui. Ex laborum soluta omnis ab omnis.', 2, '2019-05-13 15:15:26', '2019-05-13 15:15:26'),
(260, 20, 'Makayla Ebert', 'Sint explicabo at eos velit autem molestiae. Et suscipit et consequatur. Est quis dolorum porro voluptatem animi quisquam quibusdam.', 0, '2019-05-13 15:15:26', '2019-05-13 15:15:26'),
(261, 94, 'Regan Kohler', 'Iusto totam ducimus omnis ut ipsam cupiditate corporis non. Illum magnam ad vero ut aliquam soluta consequatur.', 0, '2019-05-13 15:15:26', '2019-05-13 15:15:26'),
(262, 65, 'Miss Natalie Larkin III', 'Similique dolore in et reprehenderit. Rerum cum et dolorem numquam voluptate ut ut. Et porro beatae ut at ab. Aut ut est quibusdam sapiente quae ea aspernatur.', 4, '2019-05-13 15:15:26', '2019-05-13 15:15:26'),
(263, 13, 'Dr. Marcelo Maggio MD', 'Eveniet tempore quia rerum vel quae mollitia. Molestiae ipsam blanditiis debitis eius sint. Minima fugiat consequatur asperiores ducimus tempora. Et eum minima sapiente suscipit omnis sit.', 2, '2019-05-13 15:15:26', '2019-05-13 15:15:26'),
(264, 1, 'Henri Parisian', 'Tenetur temporibus aut eveniet et aperiam assumenda voluptate. Et cumque cum ullam accusantium quas adipisci. Fuga fugit natus magnam aspernatur voluptatem. Totam vel temporibus et ipsum et saepe quo.', 3, '2019-05-13 15:15:26', '2019-05-13 15:15:26'),
(265, 48, 'Dr. Willis Halvorson DDS', 'Soluta veritatis et voluptas quis. Nostrum aut qui possimus consequatur. Dignissimos odio illo dicta asperiores. Corporis est amet aliquid sit numquam sed.', 3, '2019-05-13 15:15:26', '2019-05-13 15:15:26'),
(266, 92, 'Eloisa Keeling', 'Quia id quia incidunt eos. Neque delectus asperiores totam provident voluptatem fugit. Enim enim sit iste ducimus et aut vitae. Eos ea ad esse quia possimus rerum. Quo labore tenetur labore nihil quasi fuga assumenda.', 0, '2019-05-13 15:15:26', '2019-05-13 15:15:26'),
(267, 55, 'Amos Ebert I', 'Rem aliquam reprehenderit earum eum. Nisi odio neque quae sed delectus suscipit. Amet velit tenetur voluptatem eius autem autem voluptate.', 3, '2019-05-13 15:15:26', '2019-05-13 15:15:26'),
(268, 9, 'Dr. Scarlett Bailey Sr.', 'Deleniti animi eveniet accusamus in. Pariatur vitae ex ea et omnis quidem. Reiciendis quo et vero aut. Dicta similique nam ut.', 5, '2019-05-13 15:15:26', '2019-05-13 15:15:26'),
(269, 38, 'Katherine Rippin', 'Ipsam non magni at ipsum quo porro. Temporibus dolores vel iste non adipisci. Odit voluptas aut quod maxime omnis et. Vitae laborum dolore consequatur accusantium.', 2, '2019-05-13 15:15:26', '2019-05-13 15:15:26'),
(270, 84, 'Briana Hoeger', 'Ut ex ut ut ab voluptas iure qui. Voluptate soluta quia perspiciatis provident sint molestiae occaecati. Id mollitia officiis suscipit nesciunt. Impedit eveniet dolores commodi blanditiis nam ut in.', 3, '2019-05-13 15:15:26', '2019-05-13 15:15:26'),
(271, 86, 'Lola Tromp', 'Facilis rerum corrupti doloremque. Ut vel occaecati voluptatem ut voluptates ut. Eius minima a omnis pariatur culpa cum facilis.', 1, '2019-05-13 15:15:26', '2019-05-13 15:15:26'),
(272, 31, 'Dr. Troy Treutel', 'Ex consectetur ipsum dolor explicabo rerum. Quia iure velit odio fugiat facilis similique. Ut soluta consectetur reiciendis debitis voluptas. Dicta id illum sed maxime exercitationem.', 1, '2019-05-13 15:15:26', '2019-05-13 15:15:26'),
(273, 60, 'Elsa Bergnaum', 'Sit culpa corrupti eveniet sed necessitatibus voluptatem. Animi laudantium ut sint commodi fugit quis consequatur quas. Voluptatem libero dolores iure vel soluta fuga quis sunt.', 0, '2019-05-13 15:15:26', '2019-05-13 15:15:26'),
(274, 44, 'Laurel Goodwin', 'Non quasi sed deserunt dignissimos nobis. Minus voluptas mollitia pariatur sed nam ipsam reprehenderit id.', 2, '2019-05-13 15:15:26', '2019-05-13 15:15:26'),
(275, 81, 'Prof. Gudrun Zemlak Jr.', 'Aliquid deserunt nostrum maiores ex. Voluptate recusandae aut et nisi consequatur. Dolore est sint sunt. Ut id provident eaque. Consequatur temporibus voluptatem sint voluptatum ipsum voluptatibus voluptatem.', 3, '2019-05-13 15:15:26', '2019-05-13 15:15:26'),
(276, 73, 'Hester Blick', 'Esse hic et molestiae neque ut. Fugit maiores sit sit amet nihil ratione vero autem. Quasi quis exercitationem earum debitis accusamus. Delectus quia et hic suscipit earum. Qui impedit fuga qui impedit hic illum.', 1, '2019-05-13 15:15:26', '2019-05-13 15:15:26'),
(277, 3, 'Adam Satterfield', 'Id et ut qui beatae. Consectetur ab debitis quo et veritatis nihil qui. Dolores autem rerum sunt impedit ratione sit. Qui dolor corporis est incidunt ipsam molestiae eius.', 1, '2019-05-13 15:15:26', '2019-05-13 15:15:26'),
(278, 62, 'Mr. Lavon Runolfsdottir', 'Consequatur et blanditiis enim minima. Aspernatur ea est consectetur porro quia temporibus quis. Vel neque facere consequatur sunt ut.', 2, '2019-05-13 15:15:26', '2019-05-13 15:15:26'),
(279, 25, 'Kira Farrell DVM', 'Harum porro temporibus laborum blanditiis molestias. Iusto soluta consequatur mollitia. Voluptatem non aspernatur placeat adipisci. Officia iste id numquam ut.', 4, '2019-05-13 15:15:26', '2019-05-13 15:15:26'),
(280, 29, 'Jeffry Ritchie', 'Qui veritatis hic deserunt perspiciatis quod. Occaecati saepe consequatur veritatis fugit consequuntur accusamus. Iusto magni autem sed aliquid. Ut sed omnis et aspernatur necessitatibus tenetur. Sint et laudantium sed molestias.', 2, '2019-05-13 15:15:26', '2019-05-13 15:15:26'),
(281, 24, 'Emerald Schimmel', 'Sequi sed ut cumque omnis cupiditate. Delectus voluptas temporibus exercitationem. Quaerat dolores qui dolorum qui autem. At sed qui ipsam. Rerum sint perferendis odio velit a.', 1, '2019-05-13 15:15:26', '2019-05-13 15:15:26'),
(282, 74, 'Prof. Wellington Bernhard', 'Earum sapiente sed ea ipsam dolor sint. Harum qui quaerat qui quasi omnis explicabo et. Vitae cupiditate eum consequuntur voluptas hic. Vero sunt natus vel aperiam.', 4, '2019-05-13 15:15:26', '2019-05-13 15:15:26'),
(283, 1, 'Prof. Asia Powlowski', 'Perferendis commodi voluptas in. Quis distinctio id assumenda est.', 5, '2019-05-13 15:15:26', '2019-05-13 15:15:26'),
(284, 49, 'Claude Morissette', 'Reiciendis sunt cupiditate voluptatem aliquid similique ea quis harum. Labore perspiciatis quaerat soluta eum. Aliquid dolore recusandae quis dolore.', 2, '2019-05-13 15:15:26', '2019-05-13 15:15:26'),
(285, 10, 'Maynard Labadie', 'Ullam non deleniti consequatur. Voluptatum ut illo inventore dolor. Qui provident hic tempore fuga voluptate sunt. Odit possimus enim harum soluta vel.', 3, '2019-05-13 15:15:26', '2019-05-13 15:15:26'),
(286, 33, 'Jody Barton', 'Reprehenderit similique voluptatem doloremque quo accusamus ipsum quia inventore. Doloribus officiis aut provident molestiae.', 2, '2019-05-13 15:15:26', '2019-05-13 15:15:26'),
(287, 21, 'Prof. Kailee Stoltenberg I', 'Sed sunt ea ad magnam esse dolorem. Officiis quia corrupti quia in. Atque ut doloremque omnis dignissimos ullam.', 1, '2019-05-13 15:15:26', '2019-05-13 15:15:26'),
(288, 67, 'Dr. Amiya Wolf', 'Laborum illum quas error id et aliquam rerum. Accusantium quae tempora quibusdam et neque.', 3, '2019-05-13 15:15:26', '2019-05-13 15:15:26'),
(289, 99, 'Dr. Carleton Jacobson IV', 'Similique quidem nulla itaque. Commodi recusandae ea eaque dolorem. Similique voluptatem quis vero omnis illum aut quia.', 5, '2019-05-13 15:15:26', '2019-05-13 15:15:26'),
(290, 61, 'Penelope Kovacek', 'Sequi nisi ratione quia minima unde et occaecati. Velit debitis ut illo aspernatur at voluptatibus. Cum voluptate consequatur vitae. Quaerat quae laborum et aut cupiditate incidunt.', 1, '2019-05-13 15:15:26', '2019-05-13 15:15:26'),
(291, 95, 'Prof. Margarette Bechtelar', 'Ab quia consequatur omnis recusandae mollitia quidem. Itaque nisi delectus dolorem nemo. Iste suscipit incidunt omnis sed. Et porro molestias optio et dolores impedit autem maiores. Magnam aut earum velit corporis architecto.', 5, '2019-05-13 15:15:26', '2019-05-13 15:15:26'),
(292, 28, 'Deanna Ankunding', 'Sunt quo deleniti odit quasi ullam sint aliquid. Debitis possimus et eum rerum libero sapiente et.', 4, '2019-05-13 15:15:26', '2019-05-13 15:15:26'),
(293, 34, 'Maureen Koss', 'Nostrum ut provident veritatis quo et quo quis. Excepturi ullam natus nisi illo et. Sed odit sint quam reprehenderit eum.', 5, '2019-05-13 15:15:26', '2019-05-13 15:15:26'),
(294, 65, 'Federico Schumm', 'Provident dolores minima voluptatibus quaerat qui. Voluptatem non repellat veniam harum. Voluptatibus saepe quos aperiam qui expedita provident ut.', 1, '2019-05-13 15:15:26', '2019-05-13 15:15:26'),
(295, 93, 'Karley Lindgren', 'Animi facere odio corporis recusandae. Molestiae excepturi id earum sit et. Et eum mollitia assumenda provident dignissimos sequi cupiditate animi. Totam et esse aut ipsum voluptates odio.', 5, '2019-05-13 15:15:26', '2019-05-13 15:15:26'),
(296, 47, 'Rosalyn Wolf', 'Voluptatem ipsum vero aut autem et qui. Nam facere quas iusto aut sit ipsam. Amet dolor quibusdam ratione laudantium quo laudantium accusantium tempore. Placeat assumenda odit sint facilis.', 4, '2019-05-13 15:15:26', '2019-05-13 15:15:26'),
(297, 84, 'Mrs. Creola Pfannerstill V', 'Corporis est saepe consequatur voluptatum qui quia voluptatem. Nihil magnam sed vitae id aut. Asperiores sed praesentium saepe neque amet consectetur.', 1, '2019-05-13 15:15:26', '2019-05-13 15:15:26'),
(298, 57, 'Brandi Cruickshank', 'Libero dignissimos vitae totam voluptate. Repellat qui fuga soluta. Id maiores magni consequatur.', 3, '2019-05-13 15:15:26', '2019-05-13 15:15:26'),
(299, 66, 'Blaze Shanahan', 'Dolor nobis aut temporibus possimus quia commodi autem. Omnis rem cumque voluptas repellat qui ad.', 2, '2019-05-13 15:15:26', '2019-05-13 15:15:26'),
(300, 64, 'Teresa Beatty', 'Quo rerum aut officia et sint recusandae. Necessitatibus enim optio maxime voluptatibus dolor. Et illum aut laboriosam laudantium. Sit atque fugit occaecati sunt ab. Ea enim et rem possimus nulla sequi tenetur dolor.', 5, '2019-05-13 15:15:26', '2019-05-13 15:15:26');

-- --------------------------------------------------------

--
-- Table structure for table `users`
--

DROP TABLE IF EXISTS `users`;
CREATE TABLE IF NOT EXISTS `users` (
  `id` bigint(20) UNSIGNED NOT NULL AUTO_INCREMENT,
  `name` varchar(191) COLLATE utf8mb4_unicode_ci NOT NULL,
  `email` varchar(191) COLLATE utf8mb4_unicode_ci NOT NULL,
  `email_verified_at` timestamp NULL DEFAULT NULL,
  `password` varchar(191) COLLATE utf8mb4_unicode_ci NOT NULL,
  `remember_token` varchar(100) COLLATE utf8mb4_unicode_ci DEFAULT NULL,
  `created_at` timestamp NULL DEFAULT NULL,
  `updated_at` timestamp NULL DEFAULT NULL,
  PRIMARY KEY (`id`),
  UNIQUE KEY `users_email_unique` (`email`)
) ENGINE=MyISAM DEFAULT CHARSET=utf8mb4 COLLATE=utf8mb4_unicode_ci;

--
-- Truncate table before insert `users`
--

TRUNCATE TABLE `users`;COMMIT;

/*!40101 SET CHARACTER_SET_CLIENT=@OLD_CHARACTER_SET_CLIENT */;
/*!40101 SET CHARACTER_SET_RESULTS=@OLD_CHARACTER_SET_RESULTS */;
/*!40101 SET COLLATION_CONNECTION=@OLD_COLLATION_CONNECTION */;
